MODEL,MODEL_INDEX,MODEL_DESCRIPTION,FORECAST_HORIZON,PAST_HISTORY,TRAIN_MAE,TEST_MAE,TRAIN_TIME,TEST_TIME
rf,0,"(100, 3, 2, 1)",1,15,0.00016988118419812012,0.00015096931599883383,0.34146881103515625,0.008517980575561523
rf,1,"(100, 3, 2, 3)",1,15,0.00016956055144630103,0.0001414491775042067,0.2180030345916748,0.010569095611572266
rf,2,"(100, 3, 2, 7)",1,15,0.00016957860119764764,0.00013749535427916887,0.27889204025268555,0.01358485221862793
rf,3,"(100, 3, 4, 1)",1,15,0.00016943722551610106,0.00013740304112673716,0.3305399417877197,0.009197711944580078
rf,4,"(100, 3, 4, 3)",1,15,0.00016928039610002597,0.00013758006639228237,0.2625870704650879,0.015118837356567383
rf,5,"(100, 3, 4, 7)",1,15,0.00016918143238708346,0.0001376112593058276,0.4297611713409424,0.010657072067260742
rf,6,"(100, 3, 8, 1)",1,15,0.00016912566284697203,0.00013762034886119094,0.2511870861053467,0.008130073547363281
rf,7,"(100, 3, 8, 3)",1,15,0.00016911458354353345,0.00013763903631015362,0.17690396308898926,0.007709980010986328
rf,8,"(100, 3, 8, 7)",1,15,0.00016912511098402257,0.000137722852436821,0.1651451587677002,0.007659912109375
rf,9,"(100, 6, 2, 1)",1,15,0.00016910384867978848,0.00013772329799045894,0.25588202476501465,0.007673978805541992
rf,10,"(100, 6, 2, 3)",1,15,0.00016910596832788724,0.0001378365499626022,0.2539041042327881,0.008104801177978516
rf,11,"(100, 6, 2, 7)",1,15,0.0001691193809463356,0.00013783529302869855,0.24776887893676758,0.008533000946044922
rf,12,"(100, 6, 4, 1)",1,15,0.00016912597380263017,0.00013778838859518296,0.374927282333374,0.007596254348754883
rf,13,"(100, 6, 4, 3)",1,15,0.00016911797455133776,0.0001378021788351774,0.3287210464477539,0.012473106384277344
rf,14,"(100, 6, 4, 7)",1,15,0.0001690371088636403,0.00013784163860359845,0.2473912239074707,0.010439872741699219
rf,15,"(100, 6, 8, 1)",1,15,0.0001689926670651546,0.00013782541587501105,0.2587888240814209,0.009449005126953125
rf,16,"(100, 6, 8, 3)",1,15,0.00016895708985982993,0.0001378439735439667,0.2540428638458252,0.008603096008300781
rf,17,"(100, 6, 8, 7)",1,15,0.00016891403504177714,0.00013782924122614625,0.3002357482910156,0.00856781005859375
rf,18,"(100, 8, 2, 1)",1,15,0.00016883725792657061,0.00013783441863671943,0.35526394844055176,0.008722066879272461
rf,19,"(100, 8, 2, 3)",1,15,0.00016878897284837652,0.00013785409306883627,0.3473169803619385,0.0269010066986084
rf,20,"(100, 8, 2, 7)",1,15,0.00016876706930949977,0.00013780179724516453,0.3676280975341797,0.008873939514160156
rf,21,"(100, 8, 4, 1)",1,15,0.0001687505863826034,0.00013782686883411383,0.5019850730895996,0.01202702522277832
rf,22,"(100, 8, 4, 3)",1,15,0.0001687160766308754,0.00013783079477015388,0.34791994094848633,0.008107900619506836
rf,23,"(100, 8, 4, 7)",1,15,0.00016867023500065736,0.00013782420957753102,0.305678129196167,0.00799417495727539
rf,24,"(100, 8, 8, 1)",1,15,0.00016864506287916415,0.00013783776464456685,0.4505958557128906,0.009877920150756836
rf,25,"(100, 8, 8, 3)",1,15,0.00016858648462162294,0.000137833907369303,0.3617517948150635,0.00928807258605957
rf,26,"(100, 8, 8, 7)",1,15,0.00016853700781614458,0.000137827995350387,0.37974095344543457,0.009055137634277344
rf,27,"(200, 3, 2, 1)",1,15,0.00016847985521421745,0.00013832870692516322,0.5737416744232178,0.016478300094604492
rf,28,"(200, 3, 2, 3)",1,15,0.00016843334885715663,0.00013850113569340277,0.4081721305847168,0.013106822967529297
rf,29,"(200, 3, 2, 7)",1,15,0.00016840160573864635,0.00013865911521531118,0.48355984687805176,0.012933969497680664
rf,30,"(200, 3, 4, 1)",1,15,0.0001683666827212828,0.00013875080749251468,0.4612138271331787,0.015099048614501953
rf,31,"(200, 3, 4, 3)",1,15,0.00016833053236525034,0.00013884489145709342,0.47113609313964844,0.015592813491821289
rf,32,"(200, 3, 4, 7)",1,15,0.0001682731860130546,0.00013888995867915118,0.4594078063964844,0.01380777359008789
rf,33,"(200, 3, 8, 1)",1,15,0.00016826966381924946,0.0001389395860923238,0.40752410888671875,0.014664888381958008
rf,34,"(200, 3, 8, 3)",1,15,0.00016824901734682375,0.0001389975578170983,0.4561138153076172,0.03529191017150879
rf,35,"(200, 3, 8, 7)",1,15,0.00016822213212920844,0.0001390491728201296,0.4451420307159424,0.012443065643310547
rf,36,"(200, 6, 2, 1)",1,15,0.00016819246323547654,0.00013904574927261015,0.6124978065490723,0.015223979949951172
rf,37,"(200, 6, 2, 3)",1,15,0.00016817901028132366,0.00013904767800387694,0.5874660015106201,0.013910770416259766
rf,38,"(200, 6, 2, 7)",1,15,0.00016817893923962892,0.0001390696857603743,0.5073237419128418,0.01268911361694336
rf,39,"(200, 6, 4, 1)",1,15,0.0001681805534871319,0.0001390547646403474,0.501093864440918,0.013362884521484375
rf,40,"(200, 6, 4, 3)",1,15,0.00016819965691729083,0.00013905571720438745,0.4869389533996582,0.014187097549438477
rf,41,"(200, 6, 4, 7)",1,15,0.00016821211474714567,0.00013906449926205297,0.47866296768188477,0.015333890914916992
rf,42,"(200, 6, 8, 1)",1,15,0.00016823710796738632,0.00013906176769932333,0.5041019916534424,0.013679027557373047
rf,43,"(200, 6, 8, 3)",1,15,0.00016825323548625071,0.000139074541636983,0.4839799404144287,0.013464927673339844
rf,44,"(200, 6, 8, 7)",1,15,0.00016826715720402827,0.000139073070371575,0.4761197566986084,0.013260841369628906
rf,45,"(200, 8, 2, 1)",1,15,0.0001682885849543013,0.00013907358968532518,0.6248989105224609,0.014812231063842773
rf,46,"(200, 8, 2, 3)",1,15,0.00016831472076199338,0.00013910239428020568,0.5944929122924805,0.013616085052490234
rf,47,"(200, 8, 2, 7)",1,15,0.00016832909456227318,0.00013909631076988407,0.5769071578979492,0.014880895614624023
rf,48,"(200, 8, 4, 1)",1,15,0.00016835119356969276,0.0001390989327831198,0.6254363059997559,0.013983011245727539
rf,49,"(200, 8, 4, 3)",1,15,0.00016834940648382892,0.0001391048443726795,0.5900778770446777,0.014371871948242188
rf,50,"(200, 8, 4, 7)",1,15,0.0001683673427779035,0.00013909592063436838,0.5815181732177734,0.013636112213134766
rf,51,"(200, 8, 8, 1)",1,15,0.00016837771527314813,0.000139104550693851,0.5836532115936279,0.015759706497192383
rf,52,"(200, 8, 8, 3)",1,15,0.0001683876931283895,0.0001391259099310221,0.594470739364624,0.013849973678588867
rf,53,"(200, 8, 8, 7)",1,15,0.0001683987854745211,0.00013911084958404788,0.5685329437255859,0.01452326774597168
rf,54,"(300, 3, 2, 1)",1,15,0.00016842129571098953,0.00013938370132922002,0.4885411262512207,0.017325162887573242
rf,55,"(300, 3, 2, 3)",1,15,0.00016844221449048628,0.00013945461634903015,0.5550751686096191,0.028075218200683594
rf,56,"(300, 3, 2, 7)",1,15,0.000168466081939734,0.0001394724458173213,0.5648996829986572,0.016896963119506836
rf,57,"(300, 3, 4, 1)",1,15,0.00016849691401791669,0.0001394987271538984,0.49488162994384766,0.017810821533203125
rf,58,"(300, 3, 4, 3)",1,15,0.0001685183064354549,0.00013953854976213383,0.48845505714416504,0.01844501495361328
rf,59,"(300, 3, 4, 7)",1,15,0.00016853796158959085,0.00013956169044045214,0.4931490421295166,0.01738286018371582
rf,60,"(300, 3, 8, 1)",1,15,0.0001685663509582185,0.0001395790297195556,0.4834890365600586,0.02010178565979004
rf,61,"(300, 3, 8, 3)",1,15,0.0001685961870123256,0.00013962197255801872,0.4856429100036621,0.01821112632751465
rf,62,"(300, 3, 8, 7)",1,15,0.00016862678887614074,0.00013964432549283195,0.4820139408111572,0.017470836639404297
rf,63,"(300, 6, 2, 1)",1,15,0.00016865581693092254,0.00013964398314109314,0.727482795715332,0.01904606819152832
rf,64,"(300, 6, 2, 3)",1,15,0.00016868761771304992,0.00013965868778446173,0.7343270778656006,0.01836085319519043
rf,65,"(300, 6, 2, 7)",1,15,0.00016870780863353067,0.00013969020325007485,0.7273509502410889,0.018897056579589844
rf,66,"(300, 6, 4, 1)",1,15,0.00016872520056443945,0.00013968360998245472,0.744879961013794,0.019500017166137695
rf,67,"(300, 6, 4, 3)",1,15,0.0001687495017545306,0.00013969811158991694,0.7635328769683838,0.020686864852905273
rf,68,"(300, 6, 4, 7)",1,15,0.00016877477535868352,0.00013972473308387714,0.9544620513916016,0.04530215263366699
rf,69,"(300, 6, 8, 1)",1,15,0.00016879676837414253,0.0001397334680898656,0.9561479091644287,0.018950939178466797
rf,70,"(300, 6, 8, 3)",1,15,0.00016881851387555248,0.00013975590969707703,1.47760009765625,0.03612232208251953
rf,71,"(300, 6, 8, 7)",1,15,0.00016884257702898977,0.0001397835636811111,1.5180397033691406,0.06732892990112305
rf,72,"(300, 8, 2, 1)",1,15,0.00016886516749764634,0.00013978247557944244,1.481227159500122,0.020157814025878906
rf,73,"(300, 8, 2, 3)",1,15,0.0001688929154683608,0.00013981515009623246,1.1077880859375,0.02197885513305664
rf,74,"(300, 8, 2, 7)",1,15,0.00016890395312750434,0.00013986199502589834,1.0794329643249512,0.021723270416259766
rf,75,"(300, 8, 4, 1)",1,15,0.00016892720021374755,0.00013985016784914098,1.1547987461090088,0.03961610794067383
rf,76,"(300, 8, 4, 3)",1,15,0.00016894414474042405,0.0001398888653945016,2.3609161376953125,0.04095125198364258
rf,77,"(300, 8, 4, 7)",1,15,0.00016895164545854764,0.00013992170709594402,1.4237730503082275,0.0403141975402832
rf,78,"(300, 8, 8, 1)",1,15,0.0001689654763915978,0.00013991903457452604,1.4343700408935547,0.019591808319091797
rf,79,"(300, 8, 8, 3)",1,15,0.00016897746859643025,0.00013993502003102355,1.0391569137573242,0.019469022750854492
rf,80,"(300, 8, 8, 7)",1,15,0.0001689840070858099,0.0001399636961067694,1.396925926208496,0.04009079933166504
rf,0,"(100, 3, 2, 1)",1,30,0.00017096624272750088,0.00015175433169448087,0.5371782779693604,0.012642145156860352
rf,1,"(100, 3, 2, 3)",1,30,0.00017050606612703975,0.00014598445859397528,0.5209450721740723,0.010914802551269531
rf,2,"(100, 3, 2, 7)",1,30,0.00017030731545434222,0.00014061401924877505,0.6389679908752441,0.015394926071166992
rf,3,"(100, 3, 4, 1)",1,30,0.00017015898169821833,0.00014050340483787773,0.6559238433837891,0.012284994125366211
rf,4,"(100, 3, 4, 3)",1,30,0.0001700229164863855,0.0001404611110031318,0.6432211399078369,0.022391080856323242
rf,5,"(100, 3, 4, 7)",1,30,0.0001698811636336347,0.00014034749349085422,0.39305591583251953,0.009907007217407227
rf,6,"(100, 3, 8, 1)",1,30,0.0001697596046933371,0.00014028917058056932,0.6414778232574463,0.03487825393676758
rf,7,"(100, 3, 8, 3)",1,30,0.00016963324669586066,0.00014016756411039535,0.5907797813415527,0.015381097793579102
rf,8,"(100, 3, 8, 7)",1,30,0.00016956491504507796,0.00014012446532730993,0.7089219093322754,0.018284082412719727
rf,9,"(100, 6, 2, 1)",1,30,0.00016952971703777605,0.0001401562907952989,0.8580939769744873,0.010337591171264648
rf,10,"(100, 6, 2, 3)",1,30,0.0001694481288714895,0.00014019140897583127,0.7388501167297363,0.010233163833618164
rf,11,"(100, 6, 2, 7)",1,30,0.00016933360967345248,0.0001401262156050142,1.1204800605773926,0.008561134338378906
rf,12,"(100, 6, 4, 1)",1,30,0.000169285121865534,0.0001400881644924497,0.5207350254058838,0.010110139846801758
rf,13,"(100, 6, 4, 3)",1,30,0.00016928572624365297,0.00014002184368466886,0.4710829257965088,0.008053064346313477
rf,14,"(100, 6, 4, 7)",1,30,0.0001692731896769776,0.00014000558047131328,0.5399229526519775,0.010077953338623047
rf,15,"(100, 6, 8, 1)",1,30,0.00016928778146758165,0.00013997032150608622,0.4801452159881592,0.008812904357910156
rf,16,"(100, 6, 8, 3)",1,30,0.00016929872424605453,0.00013992917285299186,0.5247538089752197,0.008130073547363281
rf,17,"(100, 6, 8, 7)",1,30,0.00016930590017163888,0.00013993083229992052,0.4582037925720215,0.008627891540527344
rf,18,"(100, 8, 2, 1)",1,30,0.00016935463737418694,0.00013989829301082568,0.675156831741333,0.008053064346313477
rf,19,"(100, 8, 2, 3)",1,30,0.0001693722417365753,0.00013988207638422016,0.6302599906921387,0.009828805923461914
rf,20,"(100, 8, 2, 7)",1,30,0.00016937838676021286,0.00013984286504042714,0.571605920791626,0.008189201354980469
rf,21,"(100, 8, 4, 1)",1,30,0.00016938945739574686,0.00013979053750228147,0.6023087501525879,0.008712053298950195
rf,22,"(100, 8, 4, 3)",1,30,0.00016941041571420725,0.00013981398465001072,0.5750000476837158,0.009210824966430664
rf,23,"(100, 8, 4, 7)",1,30,0.00016940875769203437,0.0001398288775586495,0.5729789733886719,0.008678197860717773
rf,24,"(100, 8, 8, 1)",1,30,0.00016941354206137575,0.00013980243262398358,0.6036012172698975,0.009485006332397461
rf,25,"(100, 8, 8, 3)",1,30,0.0001694235724584921,0.00013979538259882752,0.6518089771270752,0.009459972381591797
rf,26,"(100, 8, 8, 7)",1,30,0.0001694368710295042,0.00013972706321349273,0.5619330406188965,0.008244037628173828
rf,27,"(200, 3, 2, 1)",1,30,0.00016939407274217815,0.0001403039886272036,0.561448335647583,0.01206517219543457
rf,28,"(200, 3, 2, 3)",1,30,0.00016941879762362813,0.00014109302389069982,0.5696978569030762,0.013531208038330078
rf,29,"(200, 3, 2, 7)",1,30,0.0001694713148274305,0.00014137149970092986,0.576530933380127,0.012734174728393555
rf,30,"(200, 3, 4, 1)",1,30,0.0001695153960228681,0.00014154175424087583,0.6939218044281006,0.027830839157104492
rf,31,"(200, 3, 4, 3)",1,30,0.00016957878796049845,0.00014163117931891182,0.814133882522583,0.014671802520751953
rf,32,"(200, 3, 4, 7)",1,30,0.00016962662523498692,0.00014164496491174064,0.6199407577514648,0.013712167739868164
rf,33,"(200, 3, 8, 1)",1,30,0.00016967396770164542,0.00014167147312430276,0.6542010307312012,0.013326168060302734
rf,34,"(200, 3, 8, 3)",1,30,0.00016973320730468466,0.00014166655449753714,0.6895542144775391,0.03430986404418945
rf,35,"(200, 3, 8, 7)",1,30,0.00016979733261837153,0.00014166618626096887,0.6486971378326416,0.013712882995605469
rf,36,"(200, 6, 2, 1)",1,30,0.00016983728115198892,0.0001416572268999127,1.0168840885162354,0.014173030853271484
rf,37,"(200, 6, 2, 3)",1,30,0.00016988443787110808,0.00014154169135306092,1.36375093460083,0.0176389217376709
rf,38,"(200, 6, 2, 7)",1,30,0.00016992585689867422,0.00014141787331306836,1.24222993850708,0.014729022979736328
rf,39,"(200, 6, 4, 1)",1,30,0.00016996359183371574,0.00014142993579033727,1.3343310356140137,0.014277935028076172
rf,40,"(200, 6, 4, 3)",1,30,0.00017000269306842108,0.00014139930572725775,1.0816650390625,0.013853311538696289
rf,41,"(200, 6, 4, 7)",1,30,0.0001700376806450494,0.00014140614750067466,1.0453870296478271,0.01314401626586914
rf,42,"(200, 6, 8, 1)",1,30,0.00017007527850097784,0.00014140703522742967,0.8887290954589844,0.012552022933959961
rf,43,"(200, 6, 8, 3)",1,30,0.00017012355346901058,0.00014139071480740736,0.9503061771392822,0.015537261962890625
rf,44,"(200, 6, 8, 7)",1,30,0.00017015765710926228,0.0001413892217546622,1.2142910957336426,0.01209878921508789
rf,45,"(200, 8, 2, 1)",1,30,0.00017019623461031602,0.00014138647379089735,1.2155158519744873,0.015179157257080078
rf,46,"(200, 8, 2, 3)",1,30,0.0001702445676202435,0.00014137835479251479,1.32389497756958,0.012838125228881836
rf,47,"(200, 8, 2, 7)",1,30,0.00017028357684584008,0.00014139421637572014,1.3547630310058594,0.014275789260864258
rf,48,"(200, 8, 4, 1)",1,30,0.0001703181675558309,0.00014138635234000655,1.4818530082702637,0.09043502807617188
rf,49,"(200, 8, 4, 3)",1,30,0.00017035983916706591,0.00014139914987784696,1.5835020542144775,0.04231095314025879
rf,50,"(200, 8, 4, 7)",1,30,0.0001703905772387329,0.00014140721548415382,1.292881965637207,0.013916969299316406
rf,51,"(200, 8, 8, 1)",1,30,0.0001704150930345098,0.00014143511678241228,1.2731781005859375,0.018664836883544922
rf,52,"(200, 8, 8, 3)",1,30,0.0001704377076849194,0.0001414319461892251,2.6121630668640137,0.03331184387207031
rf,53,"(200, 8, 8, 7)",1,30,0.00017046167434275753,0.00014141076486550808,2.600800037384033,0.01556706428527832
rf,54,"(300, 3, 2, 1)",1,30,0.00017049143494015585,0.00014167974780777536,1.3042140007019043,0.016757965087890625
rf,55,"(300, 3, 2, 3)",1,30,0.00017051923569014427,0.0001417342109639763,0.8026518821716309,0.01892995834350586
rf,56,"(300, 3, 2, 7)",1,30,0.0001705517579697975,0.00014175730519048693,0.8621559143066406,0.022711992263793945
rf,57,"(300, 3, 4, 1)",1,30,0.0001705794906931317,0.00014178456010840724,0.8757467269897461,0.019935131072998047
rf,58,"(300, 3, 4, 3)",1,30,0.00017061625290306178,0.00014180424292213183,1.2290480136871338,0.025717973709106445
rf,59,"(300, 3, 4, 7)",1,30,0.00017064200707387603,0.0001418209094508381,0.8681800365447998,0.01868295669555664
rf,60,"(300, 3, 8, 1)",1,30,0.0001706714298255747,0.00014183786120843688,1.2799150943756104,0.018247365951538086
rf,61,"(300, 3, 8, 3)",1,30,0.00017069857157009065,0.0001418620518555865,0.8578379154205322,0.019073009490966797
rf,62,"(300, 3, 8, 7)",1,30,0.00017072496743660516,0.00014187976684113833,1.3369548320770264,0.018129825592041016
rf,63,"(300, 6, 2, 1)",1,30,0.00017074202768163364,0.00014189222831421618,1.3244152069091797,0.018064022064208984
rf,64,"(300, 6, 2, 3)",1,30,0.0001707708471196268,0.00014188655388678407,1.319389820098877,0.017580032348632812
rf,65,"(300, 6, 2, 7)",1,30,0.0001707998621111126,0.0001418892507818485,1.2556300163269043,0.017390966415405273
rf,66,"(300, 6, 4, 1)",1,30,0.00017081965549797795,0.0001420202269422626,1.5174620151519775,0.02231311798095703
rf,67,"(300, 6, 4, 3)",1,30,0.00017083928948559836,0.00014187376528120753,1.4429361820220947,0.01963210105895996
rf,68,"(300, 6, 4, 7)",1,30,0.00017083789036094197,0.00014185392917112348,1.4173340797424316,0.022208213806152344
rf,69,"(300, 6, 8, 1)",1,30,0.00017084151052832968,0.00014183832962981306,1.4719281196594238,0.019155025482177734
rf,70,"(300, 6, 8, 3)",1,30,0.00017084909290957426,0.00014182813355961883,1.4359748363494873,0.0196230411529541
rf,71,"(300, 6, 8, 7)",1,30,0.0001708501602456351,0.0001418140045118447,1.2872450351715088,0.019622802734375
rf,72,"(300, 8, 2, 1)",1,30,0.00017085236726599155,0.00014180858357019666,1.6960771083831787,0.018561124801635742
rf,73,"(300, 8, 2, 3)",1,30,0.00017085608915800064,0.00014178506308536314,2.0780458450317383,0.019366979598999023
rf,74,"(300, 8, 2, 7)",1,30,0.00017085444229416916,0.00014177221091446766,1.6033799648284912,0.018941879272460938
rf,75,"(300, 8, 4, 1)",1,30,0.00017086868458654884,0.000141735684264984,1.684124231338501,0.019948720932006836
rf,76,"(300, 8, 4, 3)",1,30,0.00017087530568377053,0.0001417300164235372,2.489824056625366,0.055459022521972656
rf,77,"(300, 8, 4, 7)",1,30,0.0001708805180876299,0.00014171156773249856,2.731674909591675,0.04079484939575195
rf,78,"(300, 8, 8, 1)",1,30,0.00017088948438610292,0.0001416937639753039,2.365778923034668,0.02714991569519043
rf,79,"(300, 8, 8, 3)",1,30,0.00017089069173299587,0.0001416990972001859,2.553473949432373,0.03849315643310547
rf,80,"(300, 8, 8, 7)",1,30,0.00017089530136184524,0.00014169131443236057,2.1344480514526367,0.01908707618713379
rf,0,"(100, 3, 2, 1)",1,60,0.00017276710887041469,0.00015996554431405515,0.45860791206359863,0.008311033248901367
rf,1,"(100, 3, 2, 3)",1,60,0.00017256823189744773,0.0001578799223829983,0.6627070903778076,0.008551836013793945
rf,2,"(100, 3, 2, 7)",1,60,0.00017228599986394272,0.00015923809848730273,0.8414418697357178,0.007136106491088867
rf,3,"(100, 3, 4, 1)",1,60,0.00017211777638010022,0.00015910682990604694,0.8370888233184814,0.007515907287597656
rf,4,"(100, 3, 4, 3)",1,60,0.00017191626728269667,0.00015831631945526192,0.4828059673309326,0.012678861618041992
rf,5,"(100, 3, 4, 7)",1,60,0.00017172287563235484,0.0001571330043870036,0.4844040870666504,0.008750200271606445
rf,6,"(100, 3, 8, 1)",1,60,0.000171610497063818,0.00015574670924180017,0.5419361591339111,0.014420032501220703
rf,7,"(100, 3, 8, 3)",1,60,0.0001714422067610726,0.00015304620968255663,0.7080719470977783,0.011522769927978516
rf,8,"(100, 3, 8, 7)",1,60,0.00017133429771257457,0.00015155355327134347,0.44178295135498047,0.010442972183227539
rf,9,"(100, 6, 2, 1)",1,60,0.0001712852209531506,0.00015160191654755136,0.8592760562896729,0.008214950561523438
rf,10,"(100, 6, 2, 3)",1,60,0.00017124762059207374,0.00015142903885795282,0.818497896194458,0.007253885269165039
rf,11,"(100, 6, 2, 7)",1,60,0.00017121390779709398,0.00015149734789739818,0.7825567722320557,0.00750279426574707
rf,12,"(100, 6, 4, 1)",1,60,0.00017120326265523681,0.00015137039768337121,1.2067570686340332,0.008300065994262695
rf,13,"(100, 6, 4, 3)",1,60,0.00017117870594013593,0.00015135595629939502,1.0350751876831055,0.009477853775024414
rf,14,"(100, 6, 4, 7)",1,60,0.0001711148243336022,0.0001513859768536904,1.1727337837219238,0.008842945098876953
rf,15,"(100, 6, 8, 1)",1,60,0.00017108759077974546,0.00015147406222898192,1.3450400829315186,0.007905006408691406
rf,16,"(100, 6, 8, 3)",1,60,0.0001710509833187835,0.00015141956743370446,1.3991508483886719,0.014396190643310547
rf,17,"(100, 6, 8, 7)",1,60,0.00017098495971675483,0.00015140776442828765,1.1008422374725342,0.007349967956542969
rf,18,"(100, 8, 2, 1)",1,60,0.00017093864229208495,0.00015140266550753086,1.4563558101654053,0.021859169006347656
rf,19,"(100, 8, 2, 3)",1,60,0.00017091550081368693,0.00015139759627838352,1.4328100681304932,0.011475086212158203
rf,20,"(100, 8, 2, 7)",1,60,0.00017088136190931947,0.00015140181379101297,1.120093822479248,0.007340669631958008
rf,21,"(100, 8, 4, 1)",1,60,0.00017083330382025211,0.00015141186332916343,1.1512367725372314,0.009114980697631836
rf,22,"(100, 8, 4, 3)",1,60,0.0001707934550368113,0.0001513829835309402,1.100100040435791,0.008527040481567383
rf,23,"(100, 8, 4, 7)",1,60,0.00017076997107855454,0.00015139260087859523,1.408362865447998,0.008373022079467773
rf,24,"(100, 8, 8, 1)",1,60,0.00017072358127995265,0.0001514010576885792,1.5723028182983398,0.027196884155273438
rf,25,"(100, 8, 8, 3)",1,60,0.00017070238495505585,0.00015140136233285703,1.325793981552124,0.007421016693115234
rf,26,"(100, 8, 8, 7)",1,60,0.0001706659146446765,0.00015159443336074192,0.949084997177124,0.008362054824829102
rf,27,"(200, 3, 2, 1)",1,60,0.00017063118157949748,0.0001504198470592189,1.3740239143371582,0.012101173400878906
rf,28,"(200, 3, 2, 3)",1,60,0.00017061386352414088,0.0001504021173871704,1.737048625946045,0.01940298080444336
rf,29,"(200, 3, 2, 7)",1,60,0.00017057903059810317,0.0001502954682496287,0.8961279392242432,0.014039993286132812
rf,30,"(200, 3, 4, 1)",1,60,0.00017056850749188184,0.00015030981558776318,0.9028222560882568,0.012428998947143555
rf,31,"(200, 3, 4, 3)",1,60,0.00017054694823276644,0.00015029428467186313,0.9038949012756348,0.011997222900390625
rf,32,"(200, 3, 4, 7)",1,60,0.00017052998782396357,0.0001503067411539038,0.9137909412384033,0.014541864395141602
rf,33,"(200, 3, 8, 1)",1,60,0.0001705112005101028,0.0001503251438990524,0.9253058433532715,0.012166976928710938
rf,34,"(200, 3, 8, 3)",1,60,0.00017048794300488673,0.00015031113693665698,0.9017670154571533,0.011664867401123047
rf,35,"(200, 3, 8, 7)",1,60,0.00017045575699863364,0.0001502839193119825,0.9261569976806641,0.011995077133178711
rf,36,"(200, 6, 2, 1)",1,60,0.00017044411111893354,0.0001507202488727551,1.510915994644165,0.014691829681396484
rf,37,"(200, 6, 2, 3)",1,60,0.00017043405411824132,0.0001510080721297137,1.596977949142456,0.01400303840637207
rf,38,"(200, 6, 2, 7)",1,60,0.00017040762900581645,0.0001511220966281774,1.9440038204193115,0.01382589340209961
rf,39,"(200, 6, 4, 1)",1,60,0.00017040264823480806,0.00015136991774844456,1.8334381580352783,0.01418304443359375
rf,40,"(200, 6, 4, 3)",1,60,0.00017038789731175846,0.0001515798248586466,2.7573680877685547,0.014564275741577148
rf,41,"(200, 6, 4, 7)",1,60,0.00017037504939117405,0.00015163929351026548,1.6367180347442627,0.014048099517822266
rf,42,"(200, 6, 8, 1)",1,60,0.00017036429823328678,0.00015194333632374073,2.2554478645324707,0.02739405632019043
rf,43,"(200, 6, 8, 3)",1,60,0.000170350942208782,0.00015224912242748907,4.793118000030518,0.030242204666137695
rf,44,"(200, 6, 8, 7)",1,60,0.0001703364349790142,0.00015221901974040805,3.5452849864959717,0.019501924514770508
rf,45,"(200, 8, 2, 1)",1,60,0.00017032199346930985,0.00015263675072009386,2.991081953048706,0.014232158660888672
rf,46,"(200, 8, 2, 3)",1,60,0.0001703104943787956,0.00015304330878248033,2.2593207359313965,0.014482975006103516
rf,47,"(200, 8, 2, 7)",1,60,0.00017029542114718518,0.00015303899369675602,2.843751907348633,0.10530781745910645
rf,48,"(200, 8, 4, 1)",1,60,0.00017028448303365405,0.00015346603625120207,3.3946950435638428,0.015581130981445312
rf,49,"(200, 8, 4, 3)",1,60,0.00017027405852620378,0.0001539216668619848,2.2794790267944336,0.01510310173034668
rf,50,"(200, 8, 4, 7)",1,60,0.00017025171270600669,0.0001538176250691558,2.0305747985839844,0.022503137588500977
rf,51,"(200, 8, 8, 1)",1,60,0.0001702402140623497,0.0001542423571234298,2.5919599533081055,0.014932870864868164
rf,52,"(200, 8, 8, 3)",1,60,0.00017022331656278898,0.00015449021720951203,2.0124599933624268,0.015699386596679688
rf,53,"(200, 8, 8, 7)",1,60,0.00017021121508661207,0.0001544744201005339,2.2536442279815674,0.015391111373901367
rf,54,"(300, 3, 2, 1)",1,60,0.00017020807807105532,0.00015004396702807043,1.805793046951294,0.01869797706604004
rf,55,"(300, 3, 2, 3)",1,60,0.0001702035446615096,0.00015006946682174556,1.7370219230651855,0.017810344696044922
rf,56,"(300, 3, 2, 7)",1,60,0.00017020268864847242,0.00015006098924005783,1.5770459175109863,0.018496036529541016
rf,57,"(300, 3, 4, 1)",1,60,0.00017019992058848644,0.00015006259286257776,1.6768748760223389,0.018448829650878906
rf,58,"(300, 3, 4, 3)",1,60,0.00017018604913730172,0.00015005535511091969,1.589858055114746,0.016733884811401367
rf,59,"(300, 3, 4, 7)",1,60,0.00017017618861412724,0.0001500678833109257,1.372899055480957,0.016666889190673828
rf,60,"(300, 3, 8, 1)",1,60,0.00017016262305865468,0.0001500424493600053,1.7771940231323242,0.01749706268310547
rf,61,"(300, 3, 8, 3)",1,60,0.0001701694150769143,0.00015006471937402085,1.9048848152160645,0.01777482032775879
rf,62,"(300, 3, 8, 7)",1,60,0.00017016428526735875,0.0001500697605364325,1.4472367763519287,0.017117977142333984
rf,63,"(300, 6, 2, 1)",1,60,0.00017015746563595112,0.00015071136730339103,2.4530510902404785,0.021162033081054688
rf,64,"(300, 6, 2, 3)",1,60,0.000170159648074816,0.00015086529364828494,3.8692920207977295,0.027037858963012695
rf,65,"(300, 6, 2, 7)",1,60,0.00017015684766672983,0.00015112990342222815,3.3522510528564453,0.025753021240234375
rf,66,"(300, 6, 4, 1)",1,60,0.00017014870007657463,0.00015128167375230516,3.1561479568481445,0.02076411247253418
rf,67,"(300, 6, 4, 3)",1,60,0.0001701437392328213,0.000151772732941576,3.353459119796753,0.024420738220214844
rf,68,"(300, 6, 4, 7)",1,60,0.00017013122791109648,0.00015175544030591036,5.545773983001709,0.045378923416137695
rf,69,"(300, 6, 8, 1)",1,60,0.0001701333501605744,0.00015209650407497314,3.995779037475586,0.032171010971069336
rf,70,"(300, 6, 8, 3)",1,60,0.000170127844464062,0.0001524470386905071,3.890828847885132,0.0232388973236084
rf,71,"(300, 6, 8, 7)",1,60,0.0001701280135086305,0.00015255651202968109,4.002287149429321,0.02907085418701172
rf,72,"(300, 8, 2, 1)",1,60,0.0001701222166632733,0.00015294206788814578,4.538374900817871,0.020791053771972656
rf,73,"(300, 8, 2, 3)",1,60,0.0001701189630742398,0.00015353686017907956,3.5991668701171875,0.025812864303588867
rf,74,"(300, 8, 2, 7)",1,60,0.0001701031668021882,0.00015363397988511294,4.5182249546051025,0.0212099552154541
rf,75,"(300, 8, 4, 1)",1,60,0.00017008600109844876,0.0001540796264017073,3.275547981262207,0.020431041717529297
rf,76,"(300, 8, 4, 3)",1,60,0.00017007517618609772,0.0001545000063869891,3.006117105484009,0.02171802520751953
rf,77,"(300, 8, 4, 7)",1,60,0.00017005848123487953,0.00015477816968728004,2.8207430839538574,0.020149946212768555
rf,78,"(300, 8, 8, 1)",1,60,0.0001700474879983173,0.00015528302145068998,3.0416908264160156,0.01997995376586914
rf,79,"(300, 8, 8, 3)",1,60,0.00017004476655306763,0.0001555838147209385,3.5462098121643066,0.019961118698120117
rf,80,"(300, 8, 8, 7)",1,60,0.00017004315700664964,0.000155794429783275,3.2294929027557373,0.020484209060668945
rf,0,"(100, 3, 2, 1)",1,100,0.00016923284916479432,0.00015518992761981123,0.8445849418640137,0.008490800857543945
rf,1,"(100, 3, 2, 3)",1,100,0.0001691351537908796,0.00014623931936815756,0.9272720813751221,0.02577996253967285
rf,2,"(100, 3, 2, 7)",1,100,0.00016914044480990164,0.00014566700704632372,1.8310468196868896,0.016448974609375
rf,3,"(100, 3, 4, 1)",1,100,0.00016914276118797002,0.00014523892090646413,1.3700990676879883,0.0074710845947265625
rf,4,"(100, 3, 4, 3)",1,100,0.0001691299217656798,0.00014527338351095752,0.8998782634735107,0.007421970367431641
rf,5,"(100, 3, 4, 7)",1,100,0.00016912923792994052,0.00014523928184841513,1.2253870964050293,0.008087873458862305
rf,6,"(100, 3, 8, 1)",1,100,0.0001691364455565988,0.00014524712200662216,1.9761900901794434,0.0082550048828125
rf,7,"(100, 3, 8, 3)",1,100,0.0001690725279419098,0.0001451952208538611,1.1554219722747803,0.007353305816650391
rf,8,"(100, 3, 8, 7)",1,100,0.00016906750865103393,0.00014513519831071956,0.855262041091919,0.00793910026550293
rf,9,"(100, 6, 2, 1)",1,100,0.00016900677393701666,0.0001451530868993209,1.4620299339294434,0.008109092712402344
rf,10,"(100, 6, 2, 3)",1,100,0.00016902013593997716,0.00014519849037571248,1.3949811458587646,0.006903171539306641
rf,11,"(100, 6, 2, 7)",1,100,0.00016899815291654744,0.00014522270209210478,1.2742640972137451,0.008172035217285156
rf,12,"(100, 6, 4, 1)",1,100,0.00016897830286190975,0.00014515196286699248,1.3270390033721924,0.007904767990112305
rf,13,"(100, 6, 4, 3)",1,100,0.00016895252733106116,0.0001451791494831958,1.3481299877166748,0.007387876510620117
rf,14,"(100, 6, 4, 7)",1,100,0.0001689184921473829,0.0001451654651850408,1.2944281101226807,0.010064840316772461
rf,15,"(100, 6, 8, 1)",1,100,0.0001688963381390346,0.00014519149702719701,1.304577112197876,0.014389991760253906
rf,16,"(100, 6, 8, 3)",1,100,0.0001688584312757534,0.0001450839475687982,1.303790807723999,0.008225202560424805
rf,17,"(100, 6, 8, 7)",1,100,0.0001688477710909581,0.0001450843991432098,1.6778221130371094,0.02553701400756836
rf,18,"(100, 8, 2, 1)",1,100,0.0001688174828611054,0.00014518877195141507,3.441985845565796,0.025116920471191406
rf,19,"(100, 8, 2, 3)",1,100,0.0001687905684538286,0.00014513259063698438,2.8510019779205322,0.01967310905456543
rf,20,"(100, 8, 2, 7)",1,100,0.00016878873109960356,0.0001450738374170992,1.8027451038360596,0.007645130157470703
rf,21,"(100, 8, 4, 1)",1,100,0.0001687613253092933,0.00014514839805188532,1.6708638668060303,0.007727146148681641
rf,22,"(100, 8, 4, 3)",1,100,0.0001687360929751559,0.00014509486281568865,1.6649582386016846,0.008375883102416992
rf,23,"(100, 8, 4, 7)",1,100,0.00016870877079653218,0.00014511328620430637,1.5699141025543213,0.00798487663269043
rf,24,"(100, 8, 8, 1)",1,100,0.00016868578996889587,0.00014514361665951027,1.6948940753936768,0.008997917175292969
rf,25,"(100, 8, 8, 3)",1,100,0.00016865869420937615,0.00014508081680963147,1.6657309532165527,0.00829005241394043
rf,26,"(100, 8, 8, 7)",1,100,0.0001686414595731696,0.0001450578157922175,1.6152081489562988,0.007681846618652344
rf,27,"(200, 3, 2, 1)",1,100,0.00016859067920492135,0.00014458541350413694,1.496537208557129,0.012013912200927734
rf,28,"(200, 3, 2, 3)",1,100,0.0001685489102450861,0.0001445365811414891,1.3765161037445068,0.011362075805664062
rf,29,"(200, 3, 2, 7)",1,100,0.00016850307376252736,0.00014449165080708426,1.5808048248291016,0.03153181076049805
rf,30,"(200, 3, 4, 1)",1,100,0.0001684748668726635,0.0001444645907844837,2.4217050075531006,0.017473936080932617
rf,31,"(200, 3, 4, 3)",1,100,0.00016845605433379185,0.00014447272668311677,2.3992481231689453,0.013230085372924805
rf,32,"(200, 3, 4, 7)",1,100,0.00016842582664183443,0.00014440417769400209,1.7057721614837646,0.011651039123535156
rf,33,"(200, 3, 8, 1)",1,100,0.00016838947881080336,0.0001443879083824897,1.862401008605957,0.012642860412597656
rf,34,"(200, 3, 8, 3)",1,100,0.00016833719540679826,0.00014433784388495017,1.8541607856750488,0.011659622192382812
rf,35,"(200, 3, 8, 7)",1,100,0.0001683081721525055,0.00014427429082358262,1.4194998741149902,0.011718988418579102
rf,36,"(200, 6, 2, 1)",1,100,0.000168274067325901,0.00014423257259452477,2.6473000049591064,0.013550043106079102
rf,37,"(200, 6, 2, 3)",1,100,0.00016825814816336974,0.00014431157126241508,2.476917028427124,0.012602090835571289
rf,38,"(200, 6, 2, 7)",1,100,0.00016821858828569458,0.00014427228874428567,2.3318369388580322,0.012550830841064453
rf,39,"(200, 6, 4, 1)",1,100,0.0001681856115501735,0.00014421277822475312,2.620389699935913,0.013400077819824219
rf,40,"(200, 6, 4, 3)",1,100,0.00016815618036807798,0.0001442550019755792,2.6627159118652344,0.013020992279052734
rf,41,"(200, 6, 4, 7)",1,100,0.00016813863684186448,0.0001442731092488614,2.549351930618286,0.01197195053100586
rf,42,"(200, 6, 8, 1)",1,100,0.00016812685292214702,0.00014429703349727005,2.489065408706665,0.011468172073364258
rf,43,"(200, 6, 8, 3)",1,100,0.00016809111468228124,0.00014429969219401721,2.454237222671509,0.011632919311523438
rf,44,"(200, 6, 8, 7)",1,100,0.00016805837790785,0.0001442677355126995,2.4682369232177734,0.020642757415771484
rf,45,"(200, 8, 2, 1)",1,100,0.00016802458124990898,0.00014423130089276845,4.901932001113892,0.06354880332946777
rf,46,"(200, 8, 2, 3)",1,100,0.00016801470073609742,0.00014427020966071546,5.381655216217041,0.013875007629394531
rf,47,"(200, 8, 2, 7)",1,100,0.0001680004222188477,0.00014423031248809063,3.003678798675537,0.01221609115600586
rf,48,"(200, 8, 4, 1)",1,100,0.00016798480670447954,0.00014423191981980868,4.089423179626465,0.015084981918334961
rf,49,"(200, 8, 4, 3)",1,100,0.00016796314307057693,0.00014420999817141484,3.9796879291534424,0.013447999954223633
rf,50,"(200, 8, 4, 7)",1,100,0.00016795178563529446,0.00014422059592907388,3.782628059387207,0.012616157531738281
rf,51,"(200, 8, 8, 1)",1,100,0.00016794105978864223,0.00014422174467122718,3.1282119750976562,0.01255035400390625
rf,52,"(200, 8, 8, 3)",1,100,0.00016793105599267725,0.0001442659526165857,3.3956410884857178,0.019217729568481445
rf,53,"(200, 8, 8, 7)",1,100,0.00016790272373602732,0.00014424218379189055,5.539999008178711,0.01277303695678711
rf,54,"(300, 3, 2, 1)",1,100,0.00016788910478757538,0.00014379123298316295,2.451289176940918,0.018717050552368164
rf,55,"(300, 3, 2, 3)",1,100,0.0001678751067404971,0.0001437851035317142,3.0475404262542725,0.035989999771118164
rf,56,"(300, 3, 2, 7)",1,100,0.000167865707715477,0.00014376696677977796,2.7873542308807373,0.01572394371032715
rf,57,"(300, 3, 4, 1)",1,100,0.00016783922844106297,0.00014371374101606983,2.228808879852295,0.018159151077270508
rf,58,"(300, 3, 4, 3)",1,100,0.00016782099781285605,0.00014371433245541538,4.569114923477173,0.01765298843383789
rf,59,"(300, 3, 4, 7)",1,100,0.00016780311753830928,0.00014366795795262027,3.307587146759033,0.04998493194580078
rf,60,"(300, 3, 8, 1)",1,100,0.00016778002213051527,0.00014362506382840118,4.05708909034729,0.029646873474121094
rf,61,"(300, 3, 8, 3)",1,100,0.0001677679335729429,0.00014361079645908406,2.923893690109253,0.048345088958740234
rf,62,"(300, 3, 8, 7)",1,100,0.00016774682193936325,0.00014360418203160008,3.3659720420837402,0.017770051956176758
rf,63,"(300, 6, 2, 1)",1,100,0.00016773098299728228,0.00014354574614261552,7.436381816864014,0.019109249114990234
rf,64,"(300, 6, 2, 3)",1,100,0.00016770779875074278,0.00014359937821126724,4.817612171173096,0.019441843032836914
rf,65,"(300, 6, 2, 7)",1,100,0.00016767066425077686,0.0001435537018903967,6.276638984680176,0.019416093826293945
rf,66,"(300, 6, 4, 1)",1,100,0.00016766026519062966,0.00014346434227614647,5.830859899520874,0.018677949905395508
rf,67,"(300, 6, 4, 3)",1,100,0.00016765037136222568,0.00014358844017967442,7.048772811889648,0.047843217849731445
rf,68,"(300, 6, 4, 7)",1,100,0.0001676314197720594,0.0001435723591571633,5.9232988357543945,0.018378019332885742
rf,69,"(300, 6, 8, 1)",1,100,0.0001676208453405081,0.0001435888167872224,4.652453184127808,0.06190896034240723
rf,70,"(300, 6, 8, 3)",1,100,0.00016760951142678925,0.00014359997306164515,5.351505994796753,0.01906895637512207
rf,71,"(300, 6, 8, 7)",1,100,0.00016760149566963362,0.00014360355548454954,6.370683193206787,0.031362056732177734
rf,72,"(300, 8, 2, 1)",1,100,0.00016759232509660045,0.00014364832764771995,8.134296178817749,0.03640913963317871
rf,73,"(300, 8, 2, 3)",1,100,0.00016758713145249176,0.00014363704248836887,8.49832797050476,0.02070307731628418
rf,74,"(300, 8, 2, 7)",1,100,0.00016758310545655366,0.0001436285417428078,6.854690790176392,0.04847216606140137
rf,75,"(300, 8, 4, 1)",1,100,0.00016758024229764843,0.00014363143323576188,9.07192587852478,0.019708871841430664
rf,76,"(300, 8, 4, 3)",1,100,0.0001675647449938267,0.00014365590445657506,7.879630088806152,0.018513202667236328
rf,77,"(300, 8, 4, 7)",1,100,0.0001675489847916319,0.00014362283596805171,8.800819873809814,0.03405618667602539
rf,78,"(300, 8, 8, 1)",1,100,0.00016753549714261696,0.00014361179134384967,7.665220022201538,0.02196788787841797
rf,79,"(300, 8, 8, 3)",1,100,0.00016751635178080404,0.00014363658069535844,5.838829040527344,0.021371126174926758
rf,80,"(300, 8, 8, 7)",1,100,0.00016751030191657619,0.0001436199976649671,6.860010862350464,0.020251750946044922
rf,0,"(100, 3, 2, 1)",1,120,0.00016895443182839002,0.00015376334434432832,0.7991621494293213,0.007462263107299805
rf,1,"(100, 3, 2, 3)",1,120,0.00016859775868559713,0.0001509165742707371,0.8208208084106445,0.007585048675537109
rf,2,"(100, 3, 2, 7)",1,120,0.0001684766002373463,0.00015291299921615383,1.0028448104858398,0.008868932723999023
rf,3,"(100, 3, 4, 1)",1,120,0.0001682558556812607,0.0001526229069219566,0.8536760807037354,0.0075588226318359375
rf,4,"(100, 3, 4, 3)",1,120,0.00016801926182170688,0.00015209910991817292,1.0526478290557861,0.007009029388427734
rf,5,"(100, 3, 4, 7)",1,120,0.0001677958588766096,0.00015094025200384183,1.0137531757354736,0.010696172714233398
rf,6,"(100, 3, 8, 1)",1,120,0.00016768874652136752,0.00015060930545980804,1.3621690273284912,0.01543879508972168
rf,7,"(100, 3, 8, 3)",1,120,0.00016764658005256165,0.0001506651689776563,1.8686048984527588,0.02225494384765625
rf,8,"(100, 3, 8, 7)",1,120,0.0001675913359857724,0.00015042593674313056,1.0468249320983887,0.007622957229614258
rf,9,"(100, 6, 2, 1)",1,120,0.00016760448364455484,0.00015020941974782347,2.9085888862609863,0.007800102233886719
rf,10,"(100, 6, 2, 3)",1,120,0.00016763145818454977,0.0001503090981211051,2.2667109966278076,0.007640838623046875
rf,11,"(100, 6, 2, 7)",1,120,0.0001676479884262942,0.00015027094981837647,2.3562519550323486,0.008635997772216797
rf,12,"(100, 6, 4, 1)",1,120,0.00016765308391667006,0.00015049905030385896,2.203807830810547,0.00846099853515625
rf,13,"(100, 6, 4, 3)",1,120,0.00016763830211481354,0.0001503393942152872,3.0250930786132812,0.008549690246582031
rf,14,"(100, 6, 4, 7)",1,120,0.0001676149556859652,0.00015019329106445584,1.7301888465881348,0.008706092834472656
rf,15,"(100, 6, 8, 1)",1,120,0.0001675577590010808,0.0001501264292452687,2.141356945037842,0.0070247650146484375
rf,16,"(100, 6, 8, 3)",1,120,0.00016751067806872487,0.0001499633531796587,1.5283639430999756,0.0076999664306640625
rf,17,"(100, 6, 8, 7)",1,120,0.00016748239697939802,0.0001498112208128849,1.5113751888275146,0.007989645004272461
rf,18,"(100, 8, 2, 1)",1,120,0.00016748004059861512,0.00014952029156284726,3.4025990962982178,0.012846946716308594
rf,19,"(100, 8, 2, 3)",1,120,0.0001674567056728854,0.00014951356419067027,2.0776991844177246,0.009120702743530273
rf,20,"(100, 8, 2, 7)",1,120,0.0001674464920252381,0.0001495838637345194,2.4785051345825195,0.008526802062988281
rf,21,"(100, 8, 4, 1)",1,120,0.0001674092573631651,0.0001497231517356981,2.1445209980010986,0.009192943572998047
rf,22,"(100, 8, 4, 3)",1,120,0.00016738643975184168,0.00014975277274998814,1.9973289966583252,0.007073879241943359
rf,23,"(100, 8, 4, 7)",1,120,0.00016732961031254453,0.0001498035537695941,1.7638041973114014,0.0068531036376953125
rf,24,"(100, 8, 8, 1)",1,120,0.00016728338451160344,0.00014983714910382732,1.856910228729248,0.007545948028564453
rf,25,"(100, 8, 8, 3)",1,120,0.00016730487975023074,0.00014984686084964618,1.7860710620880127,0.007173776626586914
rf,26,"(100, 8, 8, 7)",1,120,0.00016729559151117747,0.00014987702200245487,1.727182149887085,0.0073070526123046875
rf,27,"(200, 3, 2, 1)",1,120,0.00016731200638484898,0.00014950300229724637,1.617703914642334,0.011430978775024414
rf,28,"(200, 3, 2, 3)",1,120,0.0001673378953421253,0.00014936853216191472,1.6103661060333252,0.011510848999023438
rf,29,"(200, 3, 2, 7)",1,120,0.00016734808703908416,0.00014936536667995928,1.6023609638214111,0.011578083038330078
rf,30,"(200, 3, 4, 1)",1,120,0.0001673543967302848,0.0001493769055197127,2.8262948989868164,0.016740083694458008
rf,31,"(200, 3, 4, 3)",1,120,0.0001673728897229492,0.00014938939769878486,2.803203821182251,0.038779258728027344
rf,32,"(200, 3, 4, 7)",1,120,0.00016739478596974544,0.0001494039151939376,2.2105891704559326,0.019587993621826172
rf,33,"(200, 3, 8, 1)",1,120,0.00016741189463479863,0.00014942966381427633,2.1047990322113037,0.011372089385986328
rf,34,"(200, 3, 8, 3)",1,120,0.0001674209324240535,0.00014944127354964262,1.841317892074585,0.011990070343017578
rf,35,"(200, 3, 8, 7)",1,120,0.00016743924914708024,0.0001494499595813996,3.837465286254883,0.013515949249267578
rf,36,"(200, 6, 2, 1)",1,120,0.00016745381848695814,0.00014948738535039955,3.4380221366882324,0.012107133865356445
rf,37,"(200, 6, 2, 3)",1,120,0.00016747274382878435,0.00014947427646391255,5.04647970199585,0.03459978103637695
rf,38,"(200, 6, 2, 7)",1,120,0.0001674677602806409,0.00014945398614836465,6.8664939403533936,0.015208959579467773
rf,39,"(200, 6, 4, 1)",1,120,0.00016747630966911154,0.00014945703141925303,4.697530269622803,0.012373924255371094
rf,40,"(200, 6, 4, 3)",1,120,0.00016748689403519497,0.00014945562906508436,4.605531692504883,0.015506982803344727
rf,41,"(200, 6, 4, 7)",1,120,0.00016749555479716912,0.00014944601150951515,5.630285263061523,0.034773826599121094
rf,42,"(200, 6, 8, 1)",1,120,0.0001675050674485049,0.0001494586003578221,4.2873241901397705,0.01146078109741211
rf,43,"(200, 6, 8, 3)",1,120,0.0001675221975104435,0.00014945385828597573,2.9912211894989014,0.01422882080078125
rf,44,"(200, 6, 8, 7)",1,120,0.00016753070892026146,0.00014945562922400826,3.0089938640594482,0.012559652328491211
rf,45,"(200, 8, 2, 1)",1,120,0.00016753960763974424,0.0001494532968897751,4.455000162124634,0.01394510269165039
rf,46,"(200, 8, 2, 3)",1,120,0.000167548005980539,0.00014945506793284644,4.826701879501343,0.025248050689697266
rf,47,"(200, 8, 2, 7)",1,120,0.00016754982695116522,0.00014945650539100426,5.442650079727173,0.013348102569580078
rf,48,"(200, 8, 4, 1)",1,120,0.00016756202155677715,0.00014945480029026752,7.1752541065216064,0.019294261932373047
rf,49,"(200, 8, 4, 3)",1,120,0.00016756342234497065,0.00014945581753380037,6.0780110359191895,0.013293743133544922
rf,50,"(200, 8, 4, 7)",1,120,0.00016757363219800482,0.00014943113459984055,4.844680070877075,0.0217740535736084
rf,51,"(200, 8, 8, 1)",1,120,0.00016757732409204874,0.00014943198167572782,5.921365022659302,0.013346195220947266
rf,52,"(200, 8, 8, 3)",1,120,0.00016757869497886554,0.00014942176270978544,4.146106004714966,0.013778924942016602
rf,53,"(200, 8, 8, 7)",1,120,0.00016758159696410186,0.00014939950497439453,5.206275224685669,0.014601945877075195
rf,54,"(300, 3, 2, 1)",1,120,0.00016758812821543058,0.00014971327477957178,3.98528790473938,0.018933773040771484
rf,55,"(300, 3, 2, 3)",1,120,0.00016759711696519926,0.00014972072427626244,4.643327951431274,0.031748056411743164
rf,56,"(300, 3, 2, 7)",1,120,0.00016761141823592193,0.00014973198312839402,3.9008350372314453,0.0864722728729248
rf,57,"(300, 3, 4, 1)",1,120,0.00016762193720834453,0.00014975137591505836,3.470226287841797,0.016592979431152344
rf,58,"(300, 3, 4, 3)",1,120,0.0001676294910552619,0.00014977242444826893,2.843132972717285,0.018842697143554688
rf,59,"(300, 3, 4, 7)",1,120,0.0001676429684457864,0.00014978896941977062,3.686969041824341,0.01909804344177246
rf,60,"(300, 3, 8, 1)",1,120,0.00016765514314045528,0.0001498105349351478,3.723851203918457,0.018213748931884766
rf,61,"(300, 3, 8, 3)",1,120,0.00016765840749776096,0.00014982717437873498,3.0488667488098145,0.020135879516601562
rf,62,"(300, 3, 8, 7)",1,120,0.0001676728730003783,0.00014984264229860365,4.403046369552612,0.03907036781311035
rf,63,"(300, 6, 2, 1)",1,120,0.00016767509510131817,0.00014986873415913162,4.461333751678467,0.018913984298706055
rf,64,"(300, 6, 2, 3)",1,120,0.00016768554776317932,0.00014986115491410397,11.791038990020752,0.050690650939941406
rf,65,"(300, 6, 2, 7)",1,120,0.00016769071407285766,0.0001498290989281163,11.596387147903442,0.050391197204589844
rf,66,"(300, 6, 4, 1)",1,120,0.00016769998074013425,0.00014985051103799362,8.150779962539673,0.019837141036987305
rf,67,"(300, 6, 4, 3)",1,120,0.00016770258587448536,0.0001498268703612174,5.6509010791778564,0.018368005752563477
rf,68,"(300, 6, 4, 7)",1,120,0.00016770903014749582,0.0001498240623696561,5.784814834594727,0.017960309982299805
rf,69,"(300, 6, 8, 1)",1,120,0.00016771184047640174,0.0001498256388565812,5.316263198852539,0.01991105079650879
rf,70,"(300, 6, 8, 3)",1,120,0.0001677188869663408,0.000149817842011772,9.385930061340332,0.021856069564819336
rf,71,"(300, 6, 8, 7)",1,120,0.0001677240045641912,0.00014981038274986187,12.324836254119873,0.09149813652038574
rf,72,"(300, 8, 2, 1)",1,120,0.00016773514065772564,0.000149810927150164,13.441420078277588,0.04276585578918457
rf,73,"(300, 8, 2, 3)",1,120,0.00016773702577732285,0.00014981036328401981,12.325403928756714,0.033835649490356445
rf,74,"(300, 8, 2, 7)",1,120,0.0001677416021373453,0.00014981271663398404,12.420717000961304,0.030200958251953125
rf,75,"(300, 8, 4, 1)",1,120,0.00016774814532972588,0.00014980031441284237,11.490038871765137,0.021585941314697266
rf,76,"(300, 8, 4, 3)",1,120,0.0001677590268424087,0.00014979399778435317,8.93562126159668,0.025730133056640625
rf,77,"(300, 8, 4, 7)",1,120,0.00016776574144959427,0.0001497738145990536,7.581958293914795,0.04870128631591797
rf,78,"(300, 8, 8, 1)",1,120,0.0001677748655148047,0.00014976828392549915,9.67534589767456,0.018413782119750977
rf,79,"(300, 8, 8, 3)",1,120,0.000167784687698445,0.00014976191357267426,5.772791862487793,0.026174068450927734
rf,80,"(300, 8, 8, 7)",1,120,0.00016778999199197208,0.00014974656853004953,9.307247877120972,0.01922607421875
rf,0,"(100, 3, 2, 1)",1,15,0.00017012846321765162,0.00015136403905326236,0.18495988845825195,0.0077190399169921875
rf,1,"(100, 3, 2, 3)",1,15,0.00017004157037837757,0.00014346032341363638,0.18524599075317383,0.007378339767456055
rf,2,"(100, 3, 2, 7)",1,15,0.00016991763723120447,0.00013980485769333312,0.4255390167236328,0.03896903991699219
rf,3,"(100, 3, 4, 1)",1,15,0.0001697893736741665,0.00013980534165274468,0.4488260746002197,0.007625102996826172
rf,4,"(100, 3, 4, 3)",1,15,0.00016968188110283222,0.0001397782927498157,0.2198162078857422,0.018578052520751953
rf,5,"(100, 3, 4, 7)",1,15,0.0001695920792275753,0.0001398322094166455,0.20888233184814453,0.009949922561645508
rf,6,"(100, 3, 8, 1)",1,15,0.0001694793778742647,0.00013986021200484622,0.18971896171569824,0.012418031692504883
rf,7,"(100, 3, 8, 3)",1,15,0.00016934710406648848,0.00013976025529661453,0.1902620792388916,0.009033918380737305
rf,8,"(100, 3, 8, 7)",1,15,0.00016924637946159332,0.00013967690074745244,0.21167898178100586,0.008271217346191406
rf,9,"(100, 6, 2, 1)",1,15,0.00016920998474212885,0.00013962252118244684,0.6903111934661865,0.011463165283203125
rf,10,"(100, 6, 2, 3)",1,15,0.00016918063798152368,0.00013968177469408442,0.2861802577972412,0.00818181037902832
rf,11,"(100, 6, 2, 7)",1,15,0.00016915699217955388,0.0001397582978703078,0.4092090129852295,0.05603790283203125
rf,12,"(100, 6, 4, 1)",1,15,0.0001691525589647324,0.00013978143415178612,0.39038801193237305,0.008391857147216797
rf,13,"(100, 6, 4, 3)",1,15,0.0001691667075466459,0.00013982387008195185,0.521571159362793,0.010643959045410156
rf,14,"(100, 6, 4, 7)",1,15,0.0001691790839071041,0.00013996776606964387,0.49913811683654785,0.009409189224243164
rf,15,"(100, 6, 8, 1)",1,15,0.00016914113727045996,0.00013997448167118117,0.3893718719482422,0.0156710147857666
rf,16,"(100, 6, 8, 3)",1,15,0.0001691409805400923,0.00014000718393768175,0.2842857837677002,0.013303995132446289
rf,17,"(100, 6, 8, 7)",1,15,0.0001691537912268184,0.00014004079985680245,0.27129602432250977,0.00804901123046875
rf,18,"(100, 8, 2, 1)",1,15,0.00016915989284489329,0.00014014293195246157,0.3394899368286133,0.007664203643798828
rf,19,"(100, 8, 2, 3)",1,15,0.000169172241293007,0.00014016484226645994,0.4107382297515869,0.008970975875854492
rf,20,"(100, 8, 2, 7)",1,15,0.00016919140924184434,0.0001401726623149104,0.5402193069458008,0.017474889755249023
rf,21,"(100, 8, 4, 1)",1,15,0.00016921717880451892,0.00014031390891287051,0.6713669300079346,0.011357307434082031
rf,22,"(100, 8, 4, 3)",1,15,0.00016926785526482702,0.0001403046987345405,0.6279261112213135,0.010294675827026367
rf,23,"(100, 8, 4, 7)",1,15,0.00016927206511656664,0.00014034042863262608,0.36119794845581055,0.009502887725830078
rf,24,"(100, 8, 8, 1)",1,15,0.00016928645005531245,0.00014037474309206644,0.5746700763702393,0.01706695556640625
rf,25,"(100, 8, 8, 3)",1,15,0.0001693052945288087,0.00014043799765248974,0.4649620056152344,0.011826038360595703
rf,26,"(100, 8, 8, 7)",1,15,0.00016933071800492787,0.00014043398541158683,0.3549509048461914,0.007853031158447266
rf,27,"(200, 3, 2, 1)",1,15,0.000169358728714128,0.00014025411421343065,0.44864416122436523,0.017600059509277344
rf,28,"(200, 3, 2, 3)",1,15,0.00016939609927492643,0.00014025173732157596,0.7372350692749023,0.01848602294921875
rf,29,"(200, 3, 2, 7)",1,15,0.0001694313409583694,0.0001402756170818998,0.716717004776001,0.03242301940917969
rf,30,"(200, 3, 4, 1)",1,15,0.00016946290556164298,0.0001403004109494334,0.3710000514984131,0.015226125717163086
rf,31,"(200, 3, 4, 3)",1,15,0.00016948884376373206,0.00014034378094049721,0.401688814163208,0.013686180114746094
rf,32,"(200, 3, 4, 7)",1,15,0.00016953756773786482,0.0001403920308343131,0.7652339935302734,0.0237579345703125
rf,33,"(200, 3, 8, 1)",1,15,0.00016955464063719974,0.00014040149344114305,0.3692512512207031,0.012918949127197266
rf,34,"(200, 3, 8, 3)",1,15,0.00016958858367720182,0.00014043140166751294,0.36226677894592285,0.01368403434753418
rf,35,"(200, 3, 8, 7)",1,15,0.0001696168635968542,0.00014048878273705543,0.41829729080200195,0.013865947723388672
rf,36,"(200, 6, 2, 1)",1,15,0.00016963629872033859,0.0001404978600309773,0.5148909091949463,0.013740062713623047
rf,37,"(200, 6, 2, 3)",1,15,0.00016966942221510823,0.00014053068603959553,0.6394529342651367,0.023462772369384766
rf,38,"(200, 6, 2, 7)",1,15,0.00016969029467960123,0.00014053601508548258,0.8150520324707031,0.014211654663085938
rf,39,"(200, 6, 4, 1)",1,15,0.00016971788708920968,0.00014054871412252579,0.6841716766357422,0.0276181697845459
rf,40,"(200, 6, 4, 3)",1,15,0.0001697501165918621,0.0001405659154582573,0.762988805770874,0.028631925582885742
rf,41,"(200, 6, 4, 7)",1,15,0.00016977342019167048,0.00014062513864998862,0.7458498477935791,0.014991998672485352
rf,42,"(200, 6, 8, 1)",1,15,0.00016979386930608597,0.0001406635738892284,0.6884357929229736,0.014219045639038086
rf,43,"(200, 6, 8, 3)",1,15,0.00016981150733152615,0.0001406792151712251,0.5395162105560303,0.015496969223022461
rf,44,"(200, 6, 8, 7)",1,15,0.0001698323969633006,0.0001407061130289801,0.5731861591339111,0.016077041625976562
rf,45,"(200, 8, 2, 1)",1,15,0.00016985610439255853,0.00014074480827351254,0.7364647388458252,0.01786017417907715
rf,46,"(200, 8, 2, 3)",1,15,0.00016987746574859838,0.00014080840058550088,0.8537967205047607,0.014905214309692383
rf,47,"(200, 8, 2, 7)",1,15,0.00016988811042226824,0.0001408191551360234,0.649860143661499,0.01660299301147461
rf,48,"(200, 8, 4, 1)",1,15,0.0001699040185125779,0.00014084958765376736,0.6595630645751953,0.014012813568115234
rf,49,"(200, 8, 4, 3)",1,15,0.0001699343080292325,0.00014088475774886387,0.6514391899108887,0.013532876968383789
rf,50,"(200, 8, 4, 7)",1,15,0.00016995504859480462,0.00014090085843019456,0.8034570217132568,0.01534581184387207
rf,51,"(200, 8, 8, 1)",1,15,0.0001699780032709232,0.00014091869016211742,0.938046932220459,0.01663804054260254
rf,52,"(200, 8, 8, 3)",1,15,0.00016998935796366427,0.00014097294201424163,0.6420338153839111,0.015990018844604492
rf,53,"(200, 8, 8, 7)",1,15,0.00017001083416249302,0.00014097774604190816,0.6348979473114014,0.015299081802368164
rf,54,"(300, 3, 2, 1)",1,15,0.00017003394405844873,0.00014097257615224078,0.5377657413482666,0.022261857986450195
rf,55,"(300, 3, 2, 3)",1,15,0.00017006826718425226,0.00014103974316636783,0.5832469463348389,0.021227121353149414
rf,56,"(300, 3, 2, 7)",1,15,0.00017010642501231866,0.00014105217539088413,0.5362880229949951,0.017870187759399414
rf,57,"(300, 3, 4, 1)",1,15,0.00017013124904972725,0.0001410874692297742,0.5369417667388916,0.01820683479309082
rf,58,"(300, 3, 4, 3)",1,15,0.00017015397238659194,0.00014114297426579445,0.5305662155151367,0.01930093765258789
rf,59,"(300, 3, 4, 7)",1,15,0.00017017769379409098,0.00014116663955794713,0.5300219058990479,0.021773099899291992
rf,60,"(300, 3, 8, 1)",1,15,0.00017021172038605468,0.0001411773331625889,0.9528160095214844,0.019217252731323242
rf,61,"(300, 3, 8, 3)",1,15,0.0001702341382360517,0.00014121755712586079,0.6059930324554443,0.03143930435180664
rf,62,"(300, 3, 8, 7)",1,15,0.00017026582066528986,0.00014124995873051035,0.7940640449523926,0.018472909927368164
rf,63,"(300, 6, 2, 1)",1,15,0.0001702838946524243,0.00014127292314339372,0.806251049041748,0.022721052169799805
rf,64,"(300, 6, 2, 3)",1,15,0.00017030776209615755,0.00014128908097366832,1.0407848358154297,0.021824121475219727
rf,65,"(300, 6, 2, 7)",1,15,0.00017032913286564594,0.0001413281540384379,1.8091731071472168,0.0662229061126709
rf,66,"(300, 6, 4, 1)",1,15,0.0001703579187843469,0.0001413537945246084,1.7599940299987793,0.0345301628112793
rf,67,"(300, 6, 4, 3)",1,15,0.000170375847660739,0.00014137746383402247,2.020477771759033,0.030141830444335938
rf,68,"(300, 6, 4, 7)",1,15,0.0001703934742750248,0.0001414307107515737,1.4979698657989502,0.03177070617675781
rf,69,"(300, 6, 8, 1)",1,15,0.00017042482827005063,0.0001414652959151817,1.4393517971038818,0.04988884925842285
rf,70,"(300, 6, 8, 3)",1,15,0.00017044351914598862,0.00014151512050113296,1.5591721534729004,0.07120418548583984
rf,71,"(300, 6, 8, 7)",1,15,0.0001704670758079819,0.00014153157324310725,1.260159969329834,0.01931905746459961
rf,72,"(300, 8, 2, 1)",1,15,0.00017049116137725205,0.00014155129943013112,1.5768659114837646,0.023430824279785156
rf,73,"(300, 8, 2, 3)",1,15,0.00017051019692088055,0.00014159837220100282,1.0807807445526123,0.019657135009765625
rf,74,"(300, 8, 2, 7)",1,15,0.00017053161165573452,0.00014161896781326075,0.9907100200653076,0.01942610740661621
rf,75,"(300, 8, 4, 1)",1,15,0.0001705409357313504,0.00014164661291354,2.639212131500244,0.028899192810058594
rf,76,"(300, 8, 4, 3)",1,15,0.00017056352956519978,0.0001417153191394733,2.1515681743621826,0.022845983505249023
rf,77,"(300, 8, 4, 7)",1,15,0.00017058528191731372,0.00014172753165095218,2.3094210624694824,0.09981203079223633
rf,78,"(300, 8, 8, 1)",1,15,0.00017060784809822126,0.0001417567304592619,6.014945983886719,0.0916280746459961
rf,79,"(300, 8, 8, 3)",1,15,0.00017062528311403334,0.00014180372314516636,1.4898240566253662,0.03816580772399902
rf,80,"(300, 8, 8, 7)",1,15,0.0001706426466446544,0.00014180599530033458,1.236295223236084,0.02521491050720215
rf,0,"(100, 3, 2, 1)",1,30,0.00017221326722216773,0.000153189540168441,0.49038219451904297,0.01240396499633789
rf,1,"(100, 3, 2, 3)",1,30,0.0001725676260558532,0.00014470046046001042,0.5877830982208252,0.05083894729614258
rf,2,"(100, 3, 2, 7)",1,30,0.0001724242257889319,0.00014424835005504325,0.6133561134338379,0.013135910034179688
rf,3,"(100, 3, 4, 1)",1,30,0.00017234810671404503,0.00014423748855051015,0.5766050815582275,0.008518218994140625
rf,4,"(100, 3, 4, 3)",1,30,0.00017231082698177896,0.00014434857054201972,0.2980189323425293,0.008659839630126953
rf,5,"(100, 3, 4, 7)",1,30,0.00017233769401140293,0.00014448714720401284,0.30088210105895996,0.00963592529296875
rf,6,"(100, 3, 8, 1)",1,30,0.00017234427376551877,0.00014462076512372044,0.4902958869934082,0.03485417366027832
rf,7,"(100, 3, 8, 3)",1,30,0.00017235323491212394,0.00014471303780305318,0.5032079219818115,0.023794889450073242
rf,8,"(100, 3, 8, 7)",1,30,0.00017239585964871573,0.00014484082843374102,0.6383249759674072,0.01260995864868164
rf,9,"(100, 6, 2, 1)",1,30,0.00017245842231335145,0.00014488027977676765,1.0735619068145752,0.02033686637878418
rf,10,"(100, 6, 2, 3)",1,30,0.00017249341461549655,0.00014511659874950726,1.2256300449371338,0.018897056579589844
rf,11,"(100, 6, 2, 7)",1,30,0.0001725029843048552,0.0001450018555703059,1.3388149738311768,0.02302694320678711
rf,12,"(100, 6, 4, 1)",1,30,0.00017254852172412797,0.00014499799607891895,0.8858010768890381,0.029360294342041016
rf,13,"(100, 6, 4, 3)",1,30,0.00017256036829907875,0.00014501351384796308,0.8997511863708496,0.016137361526489258
rf,14,"(100, 6, 4, 7)",1,30,0.00017255663148210134,0.00014503265789054487,0.8402040004730225,0.021159887313842773
rf,15,"(100, 6, 8, 1)",1,30,0.00017256435813889023,0.00014507023549227094,0.5701568126678467,0.01296687126159668
rf,16,"(100, 6, 8, 3)",1,30,0.00017258031674571378,0.00014509123382770142,0.890343189239502,0.0256350040435791
rf,17,"(100, 6, 8, 7)",1,30,0.0001725857813372261,0.00014517980383388422,0.7110691070556641,0.009031295776367188
rf,18,"(100, 8, 2, 1)",1,30,0.00017259548669440003,0.00014521066351922833,0.7375509738922119,0.01140904426574707
rf,19,"(100, 8, 2, 3)",1,30,0.00017258276356786102,0.000145208989232122,1.228734016418457,0.0366511344909668
rf,20,"(100, 8, 2, 7)",1,30,0.00017259764924682387,0.00014524810426190377,1.1373968124389648,0.009636878967285156
rf,21,"(100, 8, 4, 1)",1,30,0.00017262318871316424,0.00014526628286287973,1.593799114227295,0.04271411895751953
rf,22,"(100, 8, 4, 3)",1,30,0.0001726437987589916,0.000145313497012172,1.3901329040527344,0.014948129653930664
rf,23,"(100, 8, 4, 7)",1,30,0.00017266947434726323,0.0001453736101305053,1.5863230228424072,0.04000711441040039
rf,24,"(100, 8, 8, 1)",1,30,0.00017268620861439864,0.00014534182980048465,1.0681967735290527,0.022608041763305664
rf,25,"(100, 8, 8, 3)",1,30,0.00017269602176894284,0.0001453909917319166,1.265226125717163,0.018600940704345703
rf,26,"(100, 8, 8, 7)",1,30,0.00017269925751752868,0.00014540483043372286,0.9844622611999512,0.00950312614440918
rf,27,"(200, 3, 2, 1)",1,30,0.00017271453323233706,0.0001454133931194392,0.5761280059814453,0.012214899063110352
rf,28,"(200, 3, 2, 3)",1,30,0.00017272868928919994,0.00014544944755598237,0.7810912132263184,0.012431144714355469
rf,29,"(200, 3, 2, 7)",1,30,0.00017274014018614392,0.00014549736227287784,0.6393747329711914,0.012234926223754883
rf,30,"(200, 3, 4, 1)",1,30,0.00017274098945382319,0.00014549380866663963,1.007295846939087,0.012559175491333008
rf,31,"(200, 3, 4, 3)",1,30,0.00017274377679175483,0.00014550854239738943,0.5922050476074219,0.014549970626831055
rf,32,"(200, 3, 4, 7)",1,30,0.00017275389338789393,0.000145568034422461,0.5326647758483887,0.013251781463623047
rf,33,"(200, 3, 8, 1)",1,30,0.00017275268891740837,0.00014558119210570316,0.543597936630249,0.02102494239807129
rf,34,"(200, 3, 8, 3)",1,30,0.00017275884833984546,0.00014561946194620114,0.6315240859985352,0.016841888427734375
rf,35,"(200, 3, 8, 7)",1,30,0.00017276051356203732,0.00014567125689121817,0.6288492679595947,0.015089035034179688
rf,36,"(200, 6, 2, 1)",1,30,0.00017275218739169065,0.0001456782146314061,1.251582145690918,0.05447888374328613
rf,37,"(200, 6, 2, 3)",1,30,0.00017275729231102367,0.0001457025882236316,2.591637134552002,0.022163867950439453
rf,38,"(200, 6, 2, 7)",1,30,0.0001727573306762177,0.00014572021331295831,1.3352539539337158,0.038275957107543945
rf,39,"(200, 6, 4, 1)",1,30,0.00017275069955002853,0.0001457465975324937,1.0036537647247314,0.012559652328491211
rf,40,"(200, 6, 4, 3)",1,30,0.00017274346444399937,0.00014576832100410072,0.9546191692352295,0.01236414909362793
rf,41,"(200, 6, 4, 7)",1,30,0.00017274728126783588,0.00014579189753868464,1.1262362003326416,0.012428998947143555
rf,42,"(200, 6, 8, 1)",1,30,0.00017274583311392228,0.00014579006126720596,2.540808916091919,0.01652216911315918
rf,43,"(200, 6, 8, 3)",1,30,0.0001727417180435632,0.0001458212371298079,1.0554258823394775,0.01378488540649414
rf,44,"(200, 6, 8, 7)",1,30,0.00017275435174068715,0.00014584800610390684,0.915395975112915,0.014126062393188477
rf,45,"(200, 8, 2, 1)",1,30,0.00017277189676905556,0.00014588722451072005,1.1542060375213623,0.013029813766479492
rf,46,"(200, 8, 2, 3)",1,30,0.0001727748674155476,0.0001459169740082331,1.0908679962158203,0.014034748077392578
rf,47,"(200, 8, 2, 7)",1,30,0.0001727775874508969,0.00014590558311674642,1.0859978199005127,0.01466989517211914
rf,48,"(200, 8, 4, 1)",1,30,0.00017278511522926957,0.0001459356565311043,1.2357981204986572,0.017544031143188477
rf,49,"(200, 8, 4, 3)",1,30,0.0001727924172362745,0.00014600079434194132,1.156628131866455,0.014681816101074219
rf,50,"(200, 8, 4, 7)",1,30,0.00017279985890849154,0.00014602382408539582,1.1470868587493896,0.017356157302856445
rf,51,"(200, 8, 8, 1)",1,30,0.00017280195176004406,0.00014602369422196893,1.6594188213348389,0.015280961990356445
rf,52,"(200, 8, 8, 3)",1,30,0.0001728087591649792,0.00014605792108548723,1.154473066329956,0.015111923217773438
rf,53,"(200, 8, 8, 7)",1,30,0.00017281050398716553,0.0001460705932096798,1.3122498989105225,0.04542994499206543
rf,54,"(300, 3, 2, 1)",1,30,0.00017281660279088714,0.0001461193873672444,0.7829937934875488,0.016942977905273438
rf,55,"(300, 3, 2, 3)",1,30,0.000172822247962592,0.00014614213538527204,0.7819259166717529,0.01676011085510254
rf,56,"(300, 3, 2, 7)",1,30,0.0001728369323905353,0.00014619401680660913,0.8862497806549072,0.040463924407958984
rf,57,"(300, 3, 4, 1)",1,30,0.00017285032398856544,0.00014621238745616652,1.2502868175506592,0.029882192611694336
rf,58,"(300, 3, 4, 3)",1,30,0.0001728546444933823,0.0001462477080092159,0.8703598976135254,0.018514156341552734
rf,59,"(300, 3, 4, 7)",1,30,0.0001728630751244119,0.00014628608320914146,0.9630899429321289,0.017986059188842773
rf,60,"(300, 3, 8, 1)",1,30,0.0001728614396325771,0.00014629084304526268,0.9363358020782471,0.02117300033569336
rf,61,"(300, 3, 8, 3)",1,30,0.00017287106657503095,0.00014632493122568725,1.6837670803070068,0.0801548957824707
rf,62,"(300, 3, 8, 7)",1,30,0.00017288752627599196,0.00014636573653106286,2.7597250938415527,0.05680513381958008
rf,63,"(300, 6, 2, 1)",1,30,0.00017288936431094737,0.00014638437392153113,3.181034803390503,0.02724599838256836
rf,64,"(300, 6, 2, 3)",1,30,0.00017289344239208458,0.00014640074425675682,2.345054864883423,0.021450281143188477
rf,65,"(300, 6, 2, 7)",1,30,0.00017290330728344532,0.00014640843037279805,2.3619840145111084,0.03132486343383789
rf,66,"(300, 6, 4, 1)",1,30,0.00017290562933268823,0.00014644906976319836,1.9178471565246582,0.019215106964111328
rf,67,"(300, 6, 4, 3)",1,30,0.0001729088106710016,0.00014647066103349975,1.351318120956421,0.02124190330505371
rf,68,"(300, 6, 4, 7)",1,30,0.0001729116076494196,0.00014649132446508577,1.4423518180847168,0.017800331115722656
rf,69,"(300, 6, 8, 1)",1,30,0.00017291572012566257,0.00014650934613681275,1.3720178604125977,0.0178983211517334
rf,70,"(300, 6, 8, 3)",1,30,0.00017291375295128275,0.00014652579542091148,1.862396001815796,0.019199848175048828
rf,71,"(300, 6, 8, 7)",1,30,0.00017291818809982707,0.00014654131107715425,1.569667100906372,0.03467202186584473
rf,72,"(300, 8, 2, 1)",1,30,0.0001729164057993749,0.00014654954682928768,2.4480838775634766,0.0224151611328125
rf,73,"(300, 8, 2, 3)",1,30,0.00017292193709903526,0.000146571889924497,2.7411270141601562,0.04981803894042969
rf,74,"(300, 8, 2, 7)",1,30,0.00017292363456644964,0.00014659965608810507,2.870373010635376,0.021214008331298828
rf,75,"(300, 8, 4, 1)",1,30,0.00017292718814205922,0.00014659707208286492,2.7558200359344482,0.01946401596069336
rf,76,"(300, 8, 4, 3)",1,30,0.0001729307746192447,0.0001466378648927266,1.879932165145874,0.0199429988861084
rf,77,"(300, 8, 4, 7)",1,30,0.00017292981181775706,0.00014666121939449982,1.8165380954742432,0.021672964096069336
rf,78,"(300, 8, 8, 1)",1,30,0.00017293340008098744,0.00014666622170030945,3.0858559608459473,0.08264684677124023
rf,79,"(300, 8, 8, 3)",1,30,0.00017292732157777108,0.0001466978342716335,2.4654159545898438,0.021876811981201172
rf,80,"(300, 8, 8, 7)",1,30,0.00017292282318401962,0.00014671196760172747,1.9755833148956299,0.01933908462524414
rf,0,"(100, 3, 2, 1)",1,60,0.00017318020611342244,0.00015621945852960066,0.46694231033325195,0.007496833801269531
rf,1,"(100, 3, 2, 3)",1,60,0.00017344313713694542,0.00014869455431591654,0.460888147354126,0.006894826889038086
rf,2,"(100, 3, 2, 7)",1,60,0.000173273906886246,0.0001429679439924958,0.47760009765625,0.007218837738037109
rf,3,"(100, 3, 4, 1)",1,60,0.000173047330798804,0.00014285265182835936,0.46596193313598633,0.007534027099609375
rf,4,"(100, 3, 4, 3)",1,60,0.00017279345296438258,0.00014284023249537525,0.5047647953033447,0.02060985565185547
rf,5,"(100, 3, 4, 7)",1,60,0.00017265556261773625,0.00014308299834941905,0.5165882110595703,0.007498025894165039
rf,6,"(100, 3, 8, 1)",1,60,0.00017258477548455834,0.00014328903314755228,0.7467069625854492,0.010360002517700195
rf,7,"(100, 3, 8, 3)",1,60,0.00017249174306667857,0.00014333487380021662,1.1655619144439697,0.006780862808227539
rf,8,"(100, 3, 8, 7)",1,60,0.00017238070590043644,0.00014346406226399376,0.4580972194671631,0.00675511360168457
rf,9,"(100, 6, 2, 1)",1,60,0.0001723550233575858,0.0001433981475014494,1.1007890701293945,0.01090383529663086
rf,10,"(100, 6, 2, 3)",1,60,0.00017232510149980872,0.0001432518334447368,1.0582520961761475,0.007859945297241211
rf,11,"(100, 6, 2, 7)",1,60,0.0001723106216482818,0.00014319304719324547,0.8089799880981445,0.007254838943481445
rf,12,"(100, 6, 4, 1)",1,60,0.00017225864103805183,0.00014310328224349664,1.2709848880767822,0.007191181182861328
rf,13,"(100, 6, 4, 3)",1,60,0.00017223720779869074,0.0001430977696897152,0.8203301429748535,0.008643150329589844
rf,14,"(100, 6, 4, 7)",1,60,0.00017220778927990474,0.00014303740472011354,1.3370261192321777,0.007906913757324219
rf,15,"(100, 6, 8, 1)",1,60,0.00017216081707926786,0.00014296916635366287,0.8417518138885498,0.008668899536132812
rf,16,"(100, 6, 8, 3)",1,60,0.00017212192555095948,0.0001429030253914799,0.842703104019165,0.008734941482543945
rf,17,"(100, 6, 8, 7)",1,60,0.00017208075229178612,0.00014288920952852533,1.6820647716522217,0.011661052703857422
rf,18,"(100, 8, 2, 1)",1,60,0.0001720167320122997,0.00014285194407620365,2.6253252029418945,0.008870840072631836
rf,19,"(100, 8, 2, 3)",1,60,0.00017200137301834464,0.0001428023822570618,1.1507258415222168,0.008388996124267578
rf,20,"(100, 8, 2, 7)",1,60,0.00017199189903097366,0.00014283877567628715,1.2721641063690186,0.013005971908569336
rf,21,"(100, 8, 4, 1)",1,60,0.00017196013289948168,0.00014267920512137024,1.2614407539367676,0.008638143539428711
rf,22,"(100, 8, 4, 3)",1,60,0.00017193141186304156,0.00014271104417144602,1.24934983253479,0.008301258087158203
rf,23,"(100, 8, 4, 7)",1,60,0.00017191369867067938,0.00014277005272769362,1.3673601150512695,0.009328126907348633
rf,24,"(100, 8, 8, 1)",1,60,0.0001719135285646736,0.0001427744488962403,1.0635759830474854,0.023933887481689453
rf,25,"(100, 8, 8, 3)",1,60,0.0001719043025587749,0.00014278470916402752,1.3029403686523438,0.009465694427490234
rf,26,"(100, 8, 8, 7)",1,60,0.00017191662046396014,0.0001428746859380247,0.9916548728942871,0.022359132766723633
rf,27,"(200, 3, 2, 1)",1,60,0.0001719296296537592,0.00014387166696860242,1.2048661708831787,0.047432899475097656
rf,28,"(200, 3, 2, 3)",1,60,0.00017190575435406449,0.00014407967186609645,0.9181749820709229,0.012932062149047852
rf,29,"(200, 3, 2, 7)",1,60,0.00017189597691037454,0.00014412225316001444,0.9445321559906006,0.013357877731323242
rf,30,"(200, 3, 4, 1)",1,60,0.00017188328646121397,0.00014412870878225745,1.1746108531951904,0.018814802169799805
rf,31,"(200, 3, 4, 3)",1,60,0.00017185609833770383,0.00014414993390534468,2.0840060710906982,0.09752178192138672
rf,32,"(200, 3, 4, 7)",1,60,0.0001718198048587911,0.00014413523092114865,1.9988090991973877,0.0378880500793457
rf,33,"(200, 3, 8, 1)",1,60,0.00017178108791210544,0.00014414486650095142,2.17756986618042,0.04205799102783203
rf,34,"(200, 3, 8, 3)",1,60,0.00017174150760699013,0.00014412948157759643,1.857578992843628,0.01456594467163086
rf,35,"(200, 3, 8, 7)",1,60,0.00017173126055181604,0.00014415088663381618,2.1623780727386475,0.018230199813842773
rf,36,"(200, 6, 2, 1)",1,60,0.00017171725668358104,0.0001440768770448126,3.3120858669281006,0.019963979721069336
rf,37,"(200, 6, 2, 3)",1,60,0.00017168828842841456,0.00014400955442475747,3.644667148590088,0.017990827560424805
rf,38,"(200, 6, 2, 7)",1,60,0.000171649206630278,0.00014404669544682946,2.5499041080474854,0.012493133544921875
rf,39,"(200, 6, 4, 1)",1,60,0.0001716397588934984,0.00014395745286388594,1.721740961074829,0.015815019607543945
rf,40,"(200, 6, 4, 3)",1,60,0.00017163305857005473,0.00014394237669434606,1.7751150131225586,0.016345977783203125
rf,41,"(200, 6, 4, 7)",1,60,0.00017160216939565278,0.00014396549104750528,1.9861888885498047,0.01823711395263672
rf,42,"(200, 6, 8, 1)",1,60,0.0001715963073821257,0.00014390825739035766,2.2521519660949707,0.013482332229614258
rf,43,"(200, 6, 8, 3)",1,60,0.00017156948463439102,0.00014387754292104335,1.6378068923950195,0.014967918395996094
rf,44,"(200, 6, 8, 7)",1,60,0.00017154079275186727,0.00014384233311354555,1.7496953010559082,0.01439213752746582
rf,45,"(200, 8, 2, 1)",1,60,0.00017151816881249426,0.00014382964478565344,2.422358751296997,0.016051054000854492
rf,46,"(200, 8, 2, 3)",1,60,0.00017150982753047465,0.00014381005073641257,2.2687718868255615,0.014542102813720703
rf,47,"(200, 8, 2, 7)",1,60,0.0001714821375421071,0.00014379085271430596,2.2174909114837646,0.013906240463256836
rf,48,"(200, 8, 4, 1)",1,60,0.0001714844528453347,0.00014376117763634886,2.233264923095703,0.01677107810974121
rf,49,"(200, 8, 4, 3)",1,60,0.00017147728512122886,0.0001437739062630618,2.482834815979004,0.016561269760131836
rf,50,"(200, 8, 4, 7)",1,60,0.00017146797168390181,0.0001437799532754189,2.26819109916687,0.015830039978027344
rf,51,"(200, 8, 8, 1)",1,60,0.00017146350950554226,0.00014378214971888859,2.446563243865967,0.015608072280883789
rf,52,"(200, 8, 8, 3)",1,60,0.00017145311437985136,0.00014373916934985062,2.762911081314087,0.014379024505615234
rf,53,"(200, 8, 8, 7)",1,60,0.00017143484229453426,0.00014368632981432165,3.229335069656372,0.016176223754882812
rf,54,"(300, 3, 2, 1)",1,60,0.00017142409270892633,0.000144044016191598,1.5441761016845703,0.02096104621887207
rf,55,"(300, 3, 2, 3)",1,60,0.0001714216040021757,0.00014402272614782478,1.6650209426879883,0.022809267044067383
rf,56,"(300, 3, 2, 7)",1,60,0.00017140752492730827,0.00014402391104984953,1.4971189498901367,0.020949840545654297
rf,57,"(300, 3, 4, 1)",1,60,0.0001714153005479263,0.00014405096707761927,1.3813917636871338,0.016982078552246094
rf,58,"(300, 3, 4, 3)",1,60,0.0001714102544538558,0.00014403030947131532,1.373589038848877,0.022474050521850586
rf,59,"(300, 3, 4, 7)",1,60,0.000171405602394537,0.00014403542758329422,1.407857894897461,0.017616987228393555
rf,60,"(300, 3, 8, 1)",1,60,0.0001713904947512896,0.00014402472919628108,1.3909738063812256,0.017862796783447266
rf,61,"(300, 3, 8, 3)",1,60,0.0001713816794761965,0.0001440198966383243,1.4376769065856934,0.017884016036987305
rf,62,"(300, 3, 8, 7)",1,60,0.00017136222819668284,0.00014400555505846062,1.505007028579712,0.060250282287597656
rf,63,"(300, 6, 2, 1)",1,60,0.00017134691082644151,0.00014391900290469106,2.7323551177978516,0.024224042892456055
rf,64,"(300, 6, 2, 3)",1,60,0.00017133305818958886,0.00014390036323754267,2.9300811290740967,0.020850181579589844
rf,65,"(300, 6, 2, 7)",1,60,0.00017131574837438032,0.00014392029100007898,3.311554193496704,0.02134108543395996
rf,66,"(300, 6, 4, 1)",1,60,0.00017130867589878289,0.0001438576777320287,5.110332012176514,0.023748159408569336
rf,67,"(300, 6, 4, 3)",1,60,0.000171292966163373,0.0001438356212920235,3.587857961654663,0.023936986923217773
rf,68,"(300, 6, 4, 7)",1,60,0.00017127479926219865,0.0001438559120794445,2.436741828918457,0.0185396671295166
rf,69,"(300, 6, 8, 1)",1,60,0.0001712642021220949,0.0001438128043350576,2.7412149906158447,0.018859148025512695
rf,70,"(300, 6, 8, 3)",1,60,0.00017125613822782784,0.00014379851634589992,2.410515069961548,0.017621994018554688
rf,71,"(300, 6, 8, 7)",1,60,0.00017125692425205518,0.00014377793535373169,2.6580421924591064,0.02265191078186035
rf,72,"(300, 8, 2, 1)",1,60,0.00017124954769135136,0.00014377169189598796,3.372544050216675,0.019707918167114258
rf,73,"(300, 8, 2, 3)",1,60,0.00017124053681228564,0.00014375329013958067,3.392469882965088,0.020258188247680664
rf,74,"(300, 8, 2, 7)",1,60,0.00017122738391395958,0.000143749095205713,3.164057970046997,0.02143692970275879
rf,75,"(300, 8, 4, 1)",1,60,0.00017121981077184513,0.0001437278076972849,3.1101529598236084,0.020402908325195312
rf,76,"(300, 8, 4, 3)",1,60,0.00017122086698835297,0.00014375535473344937,3.277153730392456,0.023022174835205078
rf,77,"(300, 8, 4, 7)",1,60,0.00017120908247504033,0.0001437451719147526,3.3025870323181152,0.02080702781677246
rf,78,"(300, 8, 8, 1)",1,60,0.0001711958128986332,0.0001436909975531437,3.6046018600463867,0.0265958309173584
rf,79,"(300, 8, 8, 3)",1,60,0.00017117991364261982,0.00014363863241434306,3.2996208667755127,0.02488994598388672
rf,80,"(300, 8, 8, 7)",1,60,0.00017115263102847976,0.00014361826268208106,3.006460189819336,0.022609949111938477
rf,0,"(100, 3, 2, 1)",1,100,0.0001711231791860835,0.00015172087708731607,0.7179949283599854,0.007965326309204102
rf,1,"(100, 3, 2, 3)",1,100,0.00017072625797737016,0.00014354862805793017,0.7371358871459961,0.008920907974243164
rf,2,"(100, 3, 2, 7)",1,100,0.00017082129071000317,0.0001428394747124384,0.724606990814209,0.00887608528137207
rf,3,"(100, 3, 4, 1)",1,100,0.00017085839038075794,0.0001433139808639808,0.7227401733398438,0.008465051651000977
rf,4,"(100, 3, 4, 3)",1,100,0.00017077945788369092,0.00014359971429695658,0.7077429294586182,0.007757902145385742
rf,5,"(100, 3, 4, 7)",1,100,0.00017084368443889052,0.00014401277698002297,0.7149598598480225,0.008889913558959961
rf,6,"(100, 3, 8, 1)",1,100,0.0001708735141794148,0.00014414123262202164,0.7298049926757812,0.007527828216552734
rf,7,"(100, 3, 8, 3)",1,100,0.00017091957465572202,0.00014429401734563195,0.7219030857086182,0.007883071899414062
rf,8,"(100, 3, 8, 7)",1,100,0.00017097059669248825,0.00014459745847956751,0.7850477695465088,0.008980989456176758
rf,9,"(100, 6, 2, 1)",1,100,0.00017093102024990406,0.00014509704095799127,1.1792011260986328,0.042634010314941406
rf,10,"(100, 6, 2, 3)",1,100,0.00017094766316217813,0.00014546585049132966,1.4250879287719727,0.013623952865600586
rf,11,"(100, 6, 2, 7)",1,100,0.00017097141683235383,0.00014547597209454256,1.3818778991699219,0.009950876235961914
rf,12,"(100, 6, 4, 1)",1,100,0.00017098111877592186,0.00014561954867549725,1.401036024093628,0.007957220077514648
rf,13,"(100, 6, 4, 3)",1,100,0.00017092602233864998,0.0001453100993530137,1.2789561748504639,0.009718894958496094
rf,14,"(100, 6, 4, 7)",1,100,0.0001709122438901362,0.00014535673398825957,1.2080678939819336,0.008887052536010742
rf,15,"(100, 6, 8, 1)",1,100,0.0001709193168317783,0.0001452958056327978,1.2603480815887451,0.008710861206054688
rf,16,"(100, 6, 8, 3)",1,100,0.00017092047500496648,0.00014531100749797096,1.2713630199432373,0.00898885726928711
rf,17,"(100, 6, 8, 7)",1,100,0.000170932577454662,0.00014543889115304539,1.2350389957427979,0.010297060012817383
rf,18,"(100, 8, 2, 1)",1,100,0.00017093010415754808,0.0001454370050377665,1.6268222332000732,0.00932002067565918
rf,19,"(100, 8, 2, 3)",1,100,0.00017092262874957828,0.0001454946208025972,1.6051709651947021,0.009694814682006836
rf,20,"(100, 8, 2, 7)",1,100,0.00017090321137763463,0.00014567617798541484,1.5592200756072998,0.009804010391235352
rf,21,"(100, 8, 4, 1)",1,100,0.00017089393721345014,0.00014565356873300065,1.6304540634155273,0.009718179702758789
rf,22,"(100, 8, 4, 3)",1,100,0.00017088405665225916,0.00014568679778768472,1.6158602237701416,0.008668899536132812
rf,23,"(100, 8, 4, 7)",1,100,0.00017088929377699288,0.00014577928037240844,1.5287981033325195,0.012207984924316406
rf,24,"(100, 8, 8, 1)",1,100,0.00017086831403392356,0.0001457611412675968,1.590674877166748,0.008378028869628906
rf,25,"(100, 8, 8, 3)",1,100,0.00017082751619758012,0.0001458152031867353,1.5711610317230225,0.008808135986328125
rf,26,"(100, 8, 8, 7)",1,100,0.00017080721576542422,0.00014588045290746642,1.5517287254333496,0.009147882461547852
rf,27,"(200, 3, 2, 1)",1,100,0.0001707895468796979,0.00014564624731175206,1.4195468425750732,0.012432098388671875
rf,28,"(200, 3, 2, 3)",1,100,0.00017075753841519145,0.00014565981339324715,1.398144006729126,0.011879920959472656
rf,29,"(200, 3, 2, 7)",1,100,0.00017074248904452294,0.00014576073528331697,1.6147277355194092,0.01595592498779297
rf,30,"(200, 3, 4, 1)",1,100,0.00017072359005893128,0.00014575420447732876,1.6496171951293945,0.01472783088684082
rf,31,"(200, 3, 4, 3)",1,100,0.00017069140000430894,0.00014578506621352292,1.552785873413086,0.024286985397338867
rf,32,"(200, 3, 4, 7)",1,100,0.00017068784833623244,0.00014590778434789119,1.4979100227355957,0.013489007949829102
rf,33,"(200, 3, 8, 1)",1,100,0.00017066995935891872,0.00014589046455904838,1.4923591613769531,0.014014959335327148
rf,34,"(200, 3, 8, 3)",1,100,0.0001706412814776505,0.00014591160071260008,1.3966271877288818,0.013588905334472656
rf,35,"(200, 3, 8, 7)",1,100,0.0001706164144190765,0.00014597761767334603,1.4255599975585938,0.012523174285888672
rf,36,"(200, 6, 2, 1)",1,100,0.0001705934711975824,0.0001459809285483695,2.3441359996795654,0.013109922409057617
rf,37,"(200, 6, 2, 3)",1,100,0.0001705690305676644,0.0001459943865607245,2.5781631469726562,0.013985157012939453
rf,38,"(200, 6, 2, 7)",1,100,0.00017053792884428608,0.00014606205003872165,2.4993748664855957,0.014203071594238281
rf,39,"(200, 6, 4, 1)",1,100,0.00017051620684922138,0.00014605121763796967,2.6308748722076416,0.014259099960327148
rf,40,"(200, 6, 4, 3)",1,100,0.00017047628428450837,0.0001460651893909163,2.626701831817627,0.015066146850585938
rf,41,"(200, 6, 4, 7)",1,100,0.00017045080714110135,0.00014615427381773222,2.429415225982666,0.014546871185302734
rf,42,"(200, 6, 8, 1)",1,100,0.0001704259593730005,0.00014613410052773224,2.480240821838379,0.01437997817993164
rf,43,"(200, 6, 8, 3)",1,100,0.00017039296425602694,0.00014614969509663006,2.780912160873413,0.027858972549438477
rf,44,"(200, 6, 8, 7)",1,100,0.00017037119624293098,0.00014621869623102058,2.7463669776916504,0.015171051025390625
rf,45,"(200, 8, 2, 1)",1,100,0.00017036115623714996,0.00014623084066833067,3.306702136993408,0.013899803161621094
rf,46,"(200, 8, 2, 3)",1,100,0.0001703436821606157,0.0001462576891116253,3.006200075149536,0.01399993896484375
rf,47,"(200, 8, 2, 7)",1,100,0.0001703151758562252,0.00014626963494188778,2.9037749767303467,0.013542890548706055
rf,48,"(200, 8, 4, 1)",1,100,0.00017029213534959422,0.00014628980846943568,3.1547672748565674,0.013575077056884766
rf,49,"(200, 8, 4, 3)",1,100,0.00017027270539177983,0.00014630251027173568,3.042031764984131,0.014232873916625977
rf,50,"(200, 8, 4, 7)",1,100,0.00017024884790107424,0.0001463106528496159,3.018515110015869,0.013881206512451172
rf,51,"(200, 8, 8, 1)",1,100,0.00017023609669567318,0.00014633219641819876,3.335142135620117,0.015377044677734375
rf,52,"(200, 8, 8, 3)",1,100,0.0001702152224005773,0.00014634480737737204,3.3527140617370605,0.01631784439086914
rf,53,"(200, 8, 8, 7)",1,100,0.0001702048881744762,0.0001463848584193849,3.3259682655334473,0.018095970153808594
rf,54,"(300, 3, 2, 1)",1,100,0.00017017751853636191,0.0001463920969588406,2.220538854598999,0.019750356674194336
rf,55,"(300, 3, 2, 3)",1,100,0.0001701462576142345,0.00014641690989029827,2.117419958114624,0.018856048583984375
rf,56,"(300, 3, 2, 7)",1,100,0.00017012865592583429,0.00014643203912226578,2.0535900592803955,0.018723011016845703
rf,57,"(300, 3, 4, 1)",1,100,0.00017010285982401,0.00014643376891805806,2.0673069953918457,0.018241167068481445
rf,58,"(300, 3, 4, 3)",1,100,0.00017007867377564784,0.00014645096763639802,2.042060136795044,0.01764202117919922
rf,59,"(300, 3, 4, 7)",1,100,0.00017006162130718316,0.0001464875057207266,2.029543876647949,0.01826310157775879
rf,60,"(300, 3, 8, 1)",1,100,0.00017004869064035012,0.00014647798263375095,2.0689210891723633,0.018889904022216797
rf,61,"(300, 3, 8, 3)",1,100,0.00017003261339060532,0.00014650534495623172,2.0304882526397705,0.01797795295715332
rf,62,"(300, 3, 8, 7)",1,100,0.00017002866413464495,0.00014655930287029893,2.0039031505584717,0.017980337142944336
rf,63,"(300, 6, 2, 1)",1,100,0.00017001638615204637,0.00014655084214145334,3.5330488681793213,0.020128965377807617
rf,64,"(300, 6, 2, 3)",1,100,0.0001699950763675003,0.00014657048906607117,3.6380088329315186,0.01896810531616211
rf,65,"(300, 6, 2, 7)",1,100,0.00016995973479039692,0.0001465852280606057,3.7511110305786133,0.022842884063720703
rf,66,"(300, 6, 4, 1)",1,100,0.00016994757209612475,0.0001465910899333658,3.986750841140747,0.02108001708984375
rf,67,"(300, 6, 4, 3)",1,100,0.00016992443531358358,0.00014660966482547133,3.6190319061279297,0.019057035446166992
rf,68,"(300, 6, 4, 7)",1,100,0.00016989930488017343,0.00014663204452707054,3.5212318897247314,0.019578218460083008
rf,69,"(300, 6, 8, 1)",1,100,0.0001698778768970861,0.00014660792233364703,3.6697490215301514,0.018887996673583984
rf,70,"(300, 6, 8, 3)",1,100,0.0001698554387893016,0.00014661220226389475,3.710704803466797,0.01867508888244629
rf,71,"(300, 6, 8, 7)",1,100,0.0001698223315962121,0.00014665277006429387,3.6474621295928955,0.019253015518188477
rf,72,"(300, 8, 2, 1)",1,100,0.00016980955626817143,0.00014663896114356623,4.913425922393799,0.02095818519592285
rf,73,"(300, 8, 2, 3)",1,100,0.00016977753863955074,0.00014663996617738365,4.9429991245269775,0.0256500244140625
rf,74,"(300, 8, 2, 7)",1,100,0.00016974853047320757,0.00014668605908088963,4.524241924285889,0.020113229751586914
rf,75,"(300, 8, 4, 1)",1,100,0.0001697324889064041,0.00014669418258929845,4.61676812171936,0.01852583885192871
rf,76,"(300, 8, 4, 3)",1,100,0.000169702995257234,0.00014667391314042468,4.572321176528931,0.02297496795654297
rf,77,"(300, 8, 4, 7)",1,100,0.00016968281069513008,0.00014669647620884068,4.388767957687378,0.02216172218322754
rf,78,"(300, 8, 8, 1)",1,100,0.00016966422586536475,0.000146698228717547,4.750869989395142,0.019279003143310547
rf,79,"(300, 8, 8, 3)",1,100,0.000169639855915334,0.0001467139135683799,4.766426086425781,0.028117656707763672
rf,80,"(300, 8, 8, 7)",1,100,0.00016962287104948517,0.00014672661987029053,4.690539121627808,0.020723342895507812
rf,0,"(100, 3, 2, 1)",1,120,0.0001690196028778563,0.00015128770478125138,0.8104510307312012,0.00855708122253418
rf,1,"(100, 3, 2, 3)",1,120,0.00016898097867661582,0.00015005392522175233,0.7925066947937012,0.007693052291870117
rf,2,"(100, 3, 2, 7)",1,120,0.00016867854004168963,0.00015120725776658912,0.8295211791992188,0.007463932037353516
rf,3,"(100, 3, 4, 1)",1,120,0.00016854642946460317,0.00014797844233733402,0.8409159183502197,0.008448123931884766
rf,4,"(100, 3, 4, 3)",1,120,0.00016852578790495747,0.00014656913556341397,0.8828811645507812,0.009012937545776367
rf,5,"(100, 3, 4, 7)",1,120,0.0001684814956571227,0.00014646696676778713,0.8283941745758057,0.008611917495727539
rf,6,"(100, 3, 8, 1)",1,120,0.00016850274448745338,0.00014635416491434733,0.818713903427124,0.008098125457763672
rf,7,"(100, 3, 8, 3)",1,120,0.00016849273735854704,0.00014624637277119832,0.7977559566497803,0.00725102424621582
rf,8,"(100, 3, 8, 7)",1,120,0.00016845749250101719,0.00014609029504612447,0.8049511909484863,0.009765148162841797
rf,9,"(100, 6, 2, 1)",1,120,0.0001684796540298467,0.00014645963447378237,1.557448148727417,0.010849952697753906
rf,10,"(100, 6, 2, 3)",1,120,0.00016853025555788626,0.0001466693683564661,1.5767970085144043,0.009454965591430664
rf,11,"(100, 6, 2, 7)",1,120,0.00016853354810910515,0.00014673161879537032,1.504795789718628,0.009629249572753906
rf,12,"(100, 6, 4, 1)",1,120,0.0001685382209009951,0.00014659848838765804,1.5068399906158447,0.011141061782836914
rf,13,"(100, 6, 4, 3)",1,120,0.0001685453394216733,0.0001467472600861932,1.4698407649993896,0.008540153503417969
rf,14,"(100, 6, 4, 7)",1,120,0.00016853109307978303,0.00014671365211493912,1.5088608264923096,0.010879993438720703
rf,15,"(100, 6, 8, 1)",1,120,0.0001685550039809392,0.00014678269005621899,1.5808520317077637,0.01487278938293457
rf,16,"(100, 6, 8, 3)",1,120,0.00016857185889439369,0.00014669606284641837,1.4690041542053223,0.009221792221069336
rf,17,"(100, 6, 8, 7)",1,120,0.00016858191761617286,0.00014670451078862797,1.4117119312286377,0.008318901062011719
rf,18,"(100, 8, 2, 1)",1,120,0.00016863794206073668,0.0001469072550924607,1.9312870502471924,0.008720159530639648
rf,19,"(100, 8, 2, 3)",1,120,0.00016869493695445897,0.0001469477886040226,2.031949996948242,0.011336803436279297
rf,20,"(100, 8, 2, 7)",1,120,0.00016871347318524218,0.00014709065083305602,1.8894329071044922,0.010491132736206055
rf,21,"(100, 8, 4, 1)",1,120,0.00016873013372214763,0.0001472026755556312,2.021442174911499,0.008882999420166016
rf,22,"(100, 8, 4, 3)",1,120,0.00016879949550052805,0.00014726449312998168,1.8094260692596436,0.009207725524902344
rf,23,"(100, 8, 4, 7)",1,120,0.00016881820935167293,0.0001472942066960664,1.6786792278289795,0.008433341979980469
rf,24,"(100, 8, 8, 1)",1,120,0.00016881955516111802,0.00014737352171235934,1.8662142753601074,0.00852513313293457
rf,25,"(100, 8, 8, 3)",1,120,0.00016883689324035967,0.0001474162262726448,1.8332490921020508,0.008243083953857422
rf,26,"(100, 8, 8, 7)",1,120,0.00016885528566177707,0.00014751993989327143,1.7042262554168701,0.012068748474121094
rf,27,"(200, 3, 2, 1)",1,120,0.00016886517527880946,0.0001467934283143465,1.6152291297912598,0.012434244155883789
rf,28,"(200, 3, 2, 3)",1,120,0.0001689026485171444,0.00014673462147228169,1.6080620288848877,0.014307022094726562
rf,29,"(200, 3, 2, 7)",1,120,0.00016893276576367412,0.00014676164563734778,1.5715117454528809,0.012698173522949219
rf,30,"(200, 3, 4, 1)",1,120,0.00016898061054802614,0.00014673402494072996,1.6217231750488281,0.012812137603759766
rf,31,"(200, 3, 4, 3)",1,120,0.00016902747389196086,0.00014683707415937477,1.6223230361938477,0.013360023498535156
rf,32,"(200, 3, 4, 7)",1,120,0.00016906337617114784,0.00014686145757054168,1.5685598850250244,0.013145208358764648
rf,33,"(200, 3, 8, 1)",1,120,0.00016910371202749587,0.00014685199776255957,1.6087841987609863,0.01231694221496582
rf,34,"(200, 3, 8, 3)",1,120,0.00016914479624738574,0.00014695659302045184,1.6035199165344238,0.013306140899658203
rf,35,"(200, 3, 8, 7)",1,120,0.00016919309017080297,0.0001469706431272563,1.6230111122131348,0.013065814971923828
rf,36,"(200, 6, 2, 1)",1,120,0.00016924341459696905,0.00014743812827275405,3.0919179916381836,0.017405033111572266
rf,37,"(200, 6, 2, 3)",1,120,0.00016928138123377436,0.00014760820298189431,3.167941093444824,0.013709068298339844
rf,38,"(200, 6, 2, 7)",1,120,0.00016931769085212826,0.00014760593415694254,2.7614049911499023,0.015769004821777344
rf,39,"(200, 6, 4, 1)",1,120,0.00016934149427244967,0.00014758013018157065,2.9047749042510986,0.014755964279174805
rf,40,"(200, 6, 4, 3)",1,120,0.0001693332849866875,0.00014734111371467128,2.7906980514526367,0.0180208683013916
rf,41,"(200, 6, 4, 7)",1,120,0.00016933443359279924,0.00014742797114821447,2.842556953430176,0.015357255935668945
rf,42,"(200, 6, 8, 1)",1,120,0.00016933544428208115,0.00014744174701446672,2.901171922683716,0.013750791549682617
rf,43,"(200, 6, 8, 3)",1,120,0.00016934465127444188,0.0001474377196177416,2.8223791122436523,0.014017105102539062
rf,44,"(200, 6, 8, 7)",1,120,0.0001693526989890064,0.0001474764692768738,2.771695137023926,0.013887882232666016
rf,45,"(200, 8, 2, 1)",1,120,0.00016936030889546668,0.00014749603592796378,3.6905829906463623,0.015401124954223633
rf,46,"(200, 8, 2, 3)",1,120,0.00016937678746252482,0.0001475520054932552,3.877291202545166,0.016857147216796875
rf,47,"(200, 8, 2, 7)",1,120,0.00016937831943450907,0.00014758428167930366,3.612926959991455,0.0181119441986084
rf,48,"(200, 8, 4, 1)",1,120,0.00016939321398904553,0.00014759976589767516,3.716313123703003,0.014574050903320312
rf,49,"(200, 8, 4, 3)",1,120,0.00016939819569961205,0.00014758642395791126,3.5764667987823486,0.014661788940429688
rf,50,"(200, 8, 4, 7)",1,120,0.0001694080923710769,0.00014762352025568707,3.4718799591064453,0.013360977172851562
rf,51,"(200, 8, 8, 1)",1,120,0.0001694262058732833,0.00014765269017322441,3.6663870811462402,0.018530607223510742
rf,52,"(200, 8, 8, 3)",1,120,0.0001694372148182149,0.00014765364677705921,3.5493388175964355,0.014030694961547852
rf,53,"(200, 8, 8, 7)",1,120,0.00016944325705713385,0.00014767277183040247,3.402430772781372,0.015255928039550781
rf,54,"(300, 3, 2, 1)",1,120,0.00016946162804509294,0.00014777104760879805,2.402557849884033,0.019348859786987305
rf,55,"(300, 3, 2, 3)",1,120,0.0001694809370664965,0.0001477783648485782,2.575068950653076,0.019636154174804688
rf,56,"(300, 3, 2, 7)",1,120,0.0001694995358250505,0.00014781322578771657,2.515981912612915,0.01797199249267578
rf,57,"(300, 3, 4, 1)",1,120,0.00016951480186876058,0.00014782321887102777,2.3587307929992676,0.018534183502197266
rf,58,"(300, 3, 4, 3)",1,120,0.00016953250941958,0.0001478462081310446,2.3282508850097656,0.01857590675354004
rf,59,"(300, 3, 4, 7)",1,120,0.00016954211842159513,0.00014786333063018887,2.3455049991607666,0.01826000213623047
rf,60,"(300, 3, 8, 1)",1,120,0.00016955391007625141,0.00014787077070740057,2.5025858879089355,0.037149906158447266
rf,61,"(300, 3, 8, 3)",1,120,0.0001695618151192545,0.00014789911319324192,2.425055980682373,0.01728367805480957
rf,62,"(300, 3, 8, 7)",1,120,0.00016957915805887488,0.00014790474686338784,2.3441500663757324,0.020086050033569336
rf,63,"(300, 6, 2, 1)",1,120,0.00016959037740597952,0.00014795334695772512,3.7980880737304688,0.01912689208984375
rf,64,"(300, 6, 2, 3)",1,120,0.000169602133371518,0.00014796840760832047,4.312965154647827,0.01918196678161621
rf,65,"(300, 6, 2, 7)",1,120,0.00016960643267918324,0.00014796877495207764,4.3369951248168945,0.02457714080810547
rf,66,"(300, 6, 4, 1)",1,120,0.0001696165581883614,0.00014797281184130277,4.537019968032837,0.020357131958007812
rf,67,"(300, 6, 4, 3)",1,120,0.0001696280161671035,0.0001479862940340453,5.175966024398804,0.02366495132446289
rf,68,"(300, 6, 4, 7)",1,120,0.0001696529809571905,0.0001480413617854497,5.092052936553955,0.019644975662231445
rf,69,"(300, 6, 8, 1)",1,120,0.00016966818578967248,0.0001480536261097922,4.390556812286377,0.02013421058654785
rf,70,"(300, 6, 8, 3)",1,120,0.00016967617062487136,0.00014806504311892674,4.4467949867248535,0.020486116409301758
rf,71,"(300, 6, 8, 7)",1,120,0.00016968786144094613,0.00014809857827147413,4.164444208145142,0.017850875854492188
rf,72,"(300, 8, 2, 1)",1,120,0.00016970475074839193,0.00014811932665057375,6.1237640380859375,0.0201871395111084
rf,73,"(300, 8, 2, 3)",1,120,0.00016971836458588426,0.0001481521063320589,5.464658975601196,0.022121906280517578
rf,74,"(300, 8, 2, 7)",1,120,0.0001697336073323514,0.000148214442666117,5.141371965408325,0.01966094970703125
rf,75,"(300, 8, 4, 1)",1,120,0.00016973780168009047,0.00014823223080542966,5.481318235397339,0.020433902740478516
rf,76,"(300, 8, 4, 3)",1,120,0.00016974351927858913,0.0001482290460636971,8.217688083648682,0.023819923400878906
rf,77,"(300, 8, 4, 7)",1,120,0.00016974621916224908,0.00014827217343996345,6.18794584274292,0.020349740982055664
rf,78,"(300, 8, 8, 1)",1,120,0.00016975186497333002,0.00014829255502708962,7.957648038864136,0.01887798309326172
rf,79,"(300, 8, 8, 3)",1,120,0.0001697620320379001,0.0001483030402570705,5.3340630531311035,0.02012801170349121
rf,80,"(300, 8, 8, 7)",1,120,0.0001697731670003866,0.0001483392932882837,5.220659017562866,0.018266916275024414
